



=================测试开始======================测试开始====================测试开始=========================测试开始====================测试开始========================测试开始=================================
Main process id: 136380
Options: {'api_config_file': 'big_tensor_0718_normalize.txt', 'api_config_file_pattern': '', 'api_config': '', 'paddle_only': False, 'paddle_cinn': False, 'accuracy': True, 'paddle_gpu_performance': False, 'torch_gpu_performance': False, 'paddle_torch_gpu_performance': False, 'test_amp': False, 'num_gpus': -1, 'num_workers_per_gpu': 1, 'gpu_ids': '1,2', 'required_memory': 10.0, 'test_cpu': False, 'use_cached_numpy': False, 'log_dir': '', 'atol': 0.01, 'rtol': 0.01, 'test_tol': False}
0 cases in checkpoint.
17 cases in total.
17 cases will be tested.
Using 2 GPU(s) with max workers per GPU: {1: 1, 2: 1}. Total workers: 2.




=================测试开始======================测试开始====================测试开始=========================测试开始====================测试开始========================测试开始=================================
Main process id: 138059
Options: {'api_config_file': 'big_tensor_0718_normalize.txt', 'api_config_file_pattern': '', 'api_config': '', 'paddle_only': False, 'paddle_cinn': False, 'accuracy': True, 'paddle_gpu_performance': False, 'torch_gpu_performance': False, 'paddle_torch_gpu_performance': False, 'test_amp': False, 'num_gpus': -1, 'num_workers_per_gpu': 1, 'gpu_ids': '1,2', 'required_memory': 10.0, 'test_cpu': False, 'use_cached_numpy': False, 'log_dir': '', 'atol': 0.01, 'rtol': 0.01, 'test_tol': False}
0 cases in checkpoint.
17 cases in total.
17 cases will be tested.
Using 2 GPU(s) with max workers per GPU: {1: 1, 2: 1}. Total workers: 2.
[1/17] Testing paddle.nn.functional.normalize(Tensor([2281701379, 1],"float32"), axis=1, )
[info] Test case succeeded for paddle.nn.functional.normalize(Tensor([2281701379, 1],"float32"), axis=1, )
[2/17] Testing paddle.nn.functional.normalize(Tensor([2, 2147483649],"float16"), p=2, axis=-1, )
[info] Test case succeeded for paddle.nn.functional.normalize(Tensor([2, 2147483649],"float16"), p=2, axis=-1, )
[3/17] Testing paddle.nn.functional.normalize(x=Tensor([1073741825, 4],"float16"), )
[info] Test case succeeded for paddle.nn.functional.normalize(x=Tensor([1073741825, 4],"float16"), )
[4/17] Testing paddle.nn.functional.normalize(x=Tensor([2, 2147483649],"float16"), )
[info] Test case succeeded for paddle.nn.functional.normalize(x=Tensor([2, 2147483649],"float16"), )
[5/17] Testing paddle.nn.functional.normalize(x=Tensor([20452226, 5, 6, 7],"float16"), p=4, )
[info] Test case succeeded for paddle.nn.functional.normalize(x=Tensor([20452226, 5, 6, 7],"float16"), p=4, )
[6/17] Testing paddle.nn.functional.normalize(x=Tensor([20452226, 5, 6, 7],"float16"), p=4, axis=3, )
[info] Test case succeeded for paddle.nn.functional.normalize(x=Tensor([20452226, 5, 6, 7],"float16"), p=4, axis=3, )
[7/17] Testing paddle.nn.functional.normalize(x=Tensor([2147483649, 2],"float16"), p=1.2, )
[info] Test case succeeded for paddle.nn.functional.normalize(x=Tensor([2147483649, 2],"float16"), p=1.2, )
[8/17] Testing paddle.nn.functional.normalize(x=Tensor([4, 25565282, 6, 7],"float16"), p=4, )
[info] Test case succeeded for paddle.nn.functional.normalize(x=Tensor([4, 25565282, 6, 7],"float16"), p=4, )
[9/17] Testing paddle.nn.functional.normalize(x=Tensor([4, 25565282, 6, 7],"float16"), p=4, axis=3, )
[info] Test case succeeded for paddle.nn.functional.normalize(x=Tensor([4, 25565282, 6, 7],"float16"), p=4, axis=3, )
[10/17] Testing paddle.nn.functional.normalize(x=Tensor([4, 5, 214748365],"float16"), )
[info] Test case succeeded for paddle.nn.functional.normalize(x=Tensor([4, 5, 214748365],"float16"), )
[11/17] Testing paddle.nn.functional.normalize(x=Tensor([4, 5, 30678338, 7],"float16"), )
[info] Test case succeeded for paddle.nn.functional.normalize(x=Tensor([4, 5, 30678338, 7],"float16"), )
[12/17] Testing paddle.nn.functional.normalize(x=Tensor([4, 5, 30678338, 7],"float16"), p=4, )
[info] Test case succeeded for paddle.nn.functional.normalize(x=Tensor([4, 5, 30678338, 7],"float16"), p=4, )
[13/17] Testing paddle.nn.functional.normalize(x=Tensor([4, 5, 30678338, 7],"float16"), p=4, axis=3, )
[info] Test case succeeded for paddle.nn.functional.normalize(x=Tensor([4, 5, 30678338, 7],"float16"), p=4, axis=3, )
[14/17] Testing paddle.nn.functional.normalize(x=Tensor([4, 5, 6, 35791395],"float16"), )
[info] Test case succeeded for paddle.nn.functional.normalize(x=Tensor([4, 5, 6, 35791395],"float16"), )
[15/17] Testing paddle.nn.functional.normalize(x=Tensor([4, 5, 6, 35791395],"float16"), p=4, )
[info] Test case succeeded for paddle.nn.functional.normalize(x=Tensor([4, 5, 6, 35791395],"float16"), p=4, )
[16/17] Testing paddle.nn.functional.normalize(x=Tensor([4, 5, 6, 35791395],"float16"), p=4, axis=3, )
[info] Test case succeeded for paddle.nn.functional.normalize(x=Tensor([4, 5, 6, 35791395],"float16"), p=4, axis=3, )
[17/17] Testing paddle.nn.functional.normalize(x=Tensor([4294967297],"float16"), axis=0, )
[info] Test case succeeded for paddle.nn.functional.normalize(x=Tensor([4294967297],"float16"), axis=0, )
17 cases tested, 0 failed.

==================================================
               Test Case Statistics               
==================================================
Total cases                   : 17
Tested cases                  : 17
Failed cases                  : 1
Skipped cases                 : 0
--------------------------------------------------
Log Type Breakdown:
  checkpoint                  : 17
  pass                        : 16
  paddle_error                : 1
  torch_error                 : 2
  accuracy_error              : 14
  crash                       : 1
  oom                         : 0
==================================================

Test time: 33.903 minutes.
Done.




=================测试开始======================测试开始====================测试开始=========================测试开始====================测试开始========================测试开始=================================
test begin: paddle.dist(x=Tensor([4, 1073741825],"float16"), y=Tensor([4, 1073741825],"float16"), )
W0723 10:30:41.191299 101476 gpu_resources.cc:114] Please NOTE: device: 0, GPU Compute Capability: 8.0, Driver API Version: 12.0, Runtime API Version: 11.8
n: 4294967300
thread_per_block: 512, block_per_grid: 8388609
first reduce over!
cuda kernel begin: i = 0, N = 0
 first CUDA Error after ReduceSumWithSubtract: no error
numel:8388609
int32max:2147483647
int32numel:8388609
second reduce over!
second CUDA Error after ReduceKernel: no error
elementwise kernel over!
----third CUDA Error after ElementwiseKernel: no error
LaunchReduceGradKernel ------ cpu
input0->numel(): 4
input0int64->numel(): 4294967300
dim = [4294967300]
[Pass] paddle.dist(x=Tensor([4, 1073741825],"float16"), y=Tensor([4, 1073741825],"float16"), )




=================测试开始======================测试开始====================测试开始=========================测试开始====================测试开始========================测试开始=================================
test begin: paddle.dist(x=Tensor([10],"float16"), y=Tensor([429496730, 10],"float16"), p=4, )
W0723 10:36:50.898212 108409 gpu_resources.cc:114] Please NOTE: device: 0, GPU Compute Capability: 8.0, Driver API Version: 12.0, Runtime API Version: 11.8
numel:4294967300
int32max:2147483647
int64numel:4294967300
LaunchReduceGradKernel ------ cpu
input0->numel(): 4
input0int64->numel(): 4294967300
dim = [4294967300]
[Pass] paddle.dist(x=Tensor([10],"float16"), y=Tensor([429496730, 10],"float16"), p=4, )


 



=================测试开始======================测试开始====================测试开始=========================测试开始====================测试开始========================测试开始=================================
CUDA_VISIBLE_DEVICES:5
test begin: paddle.dist(x=Tensor([10],"float16"), y=Tensor([429496730, 10],"float16"), p=4, )
W0723 11:00:24.778760 131604 gpu_resources.cc:114] Please NOTE: device: 0, GPU Compute Capability: 8.0, Driver API Version: 12.0, Runtime API Version: 11.8
numel:4294967300
int32max:2147483647
int64numel:4294967300
LaunchReduceGradKernel ------ cpu
input0->numel(): 4
input0int64->numel(): 4294967300
dim = [4294967300]
[accuracy error] backward  paddle.dist(x=Tensor([10],"float16"), y=Tensor([429496730, 10],"float16"), p=4, ) 
 Not equal to tolerance rtol=0.01, atol=0.01
Tensor-likes are not close!

Mismatched elements: 7 / 10 (70.0%)
Greatest absolute difference: 6.52734375 at index (8,) (up to 0.01 allowed)
Greatest relative difference: inf at index (0,) (up to 0.01 allowed)
ACTUAL: (shape=torch.Size([10]), dtype=torch.float16)
tensor([-0.0469,  6.0898,  0.0000,  0.0000,  3.4102,  2.2715,  1.3213,  2.3027, -6.5273,  0.0000], dtype=torch.float16)
DESIRED: (shape=torch.Size([10]), dtype=torch.float16)
tensor([0., 0., 0., 0., 0., 0., 0., 0., 0., 0.], dtype=torch.float16)




=================测试开始======================测试开始====================测试开始=========================测试开始====================测试开始========================测试开始=================================
CUDA_VISIBLE_DEVICES:2
test begin: paddle.dist(x=Tensor([10],"float16"), y=Tensor([429496730, 10],"float16"), p=4, )
W0723 11:02:36.019768 133366 gpu_resources.cc:114] Please NOTE: device: 0, GPU Compute Capability: 8.0, Driver API Version: 12.0, Runtime API Version: 11.8
numel:4294967300
int32max:2147483647
int64numel:4294967300
LaunchReduceGradKernel ------ cpu
input0->numel(): 4
input0int64->numel(): 4294967300
dim = [4294967300]
[accuracy error] backward  paddle.dist(x=Tensor([10],"float16"), y=Tensor([429496730, 10],"float16"), p=4, ) 
 Not equal to tolerance rtol=0.01, atol=0.01
Tensor-likes are not close!

Mismatched elements: 8 / 10 (80.0%)
Greatest absolute difference: 12.6171875 at index (6,) (up to 0.01 allowed)
Greatest relative difference: inf at index (0,) (up to 0.01 allowed)
ACTUAL: (shape=torch.Size([10]), dtype=torch.float16)
tensor([  9.3281,  -4.0664,   0.0000,  -3.6660,  -6.5195,   7.4297, -12.6172,   2.0410,   0.0000,  -8.2422],
       dtype=torch.float16)
DESIRED: (shape=torch.Size([10]), dtype=torch.float16)
tensor([0., 0., 0., 0., 0., 0., 0., 0., 0., 0.], dtype=torch.float16)




=================测试开始======================测试开始====================测试开始=========================测试开始====================测试开始========================测试开始=================================
CUDA_VISIBLE_DEVICES:7
test begin: paddle.dist(x=Tensor([10],"float16"), y=Tensor([429496730, 10],"float16"), p=4, )
W0723 11:10:14.823704 139202 gpu_resources.cc:114] Please NOTE: device: 0, GPU Compute Capability: 8.0, Driver API Version: 12.0, Runtime API Version: 11.8
numel:4294967300
int32max:2147483647
int64numel:4294967300
LaunchReduceGradKernel ------ cpu
input0->numel(): 4
input0int64->numel(): 4294967300
dim = [4294967300]
[Pass] paddle.dist(x=Tensor([10],"float16"), y=Tensor([429496730, 10],"float16"), p=4, )




=================测试开始======================测试开始====================测试开始=========================测试开始====================测试开始========================测试开始=================================
CUDA_VISIBLE_DEVICES:7
test begin: paddle.dist(x=Tensor([10],"float16"), y=Tensor([429496730, 10],"float16"), p=4, )
W0723 11:37:49.981546  3488 gpu_resources.cc:114] Please NOTE: device: 0, GPU Compute Capability: 8.0, Driver API Version: 12.0, Runtime API Version: 11.8
numel:4294967300
int32max:2147483647
int64numel:4294967300
Subtract t shape: [429496730, 10]
x_grad_tmp shape: [429496730, 10]
y_grad_tmp shape: [429496730, 10]
LaunchReduceGradKernel ------ cpu
input0->numel(): 4
input0int64->numel(): 4294967300
dim = [4294967300]
x_grad_tmp shape: [429496730, 10]
x_grad (intermediate) shape: [10]
x_grad (final) shape: [10]
y_grad_tmp shape: [429496730, 10]
y_grad (shared) shape: [429496730, 10]
[accuracy error] backward  paddle.dist(x=Tensor([10],"float16"), y=Tensor([429496730, 10],"float16"), p=4, ) 
 Not equal to tolerance rtol=0.01, atol=0.01
Tensor-likes are not close!

Mismatched elements: 9 / 10 (90.0%)
Greatest absolute difference: 15.015625 at index (6,) (up to 0.01 allowed)
Greatest relative difference: inf at index (0,) (up to 0.01 allowed)
ACTUAL: (shape=torch.Size([10]), dtype=torch.float16)
tensor([  1.1523,  -5.9141,  -1.3789,  -0.5156,   3.6660,   0.0000,  15.0156, -14.1719,   5.7930,   2.6035],
       dtype=torch.float16)
DESIRED: (shape=torch.Size([10]), dtype=torch.float16)
tensor([0., 0., 0., 0., 0., 0., 0., 0., 0., 0.], dtype=torch.float16)



=================测试开始======================测试开始====================测试开始=========================测试开始====================测试开始========================测试开始=================================
CUDA_VISIBLE_DEVICES:1
test begin: paddle.dist(x=Tensor([10],"float16"), y=Tensor([429496730, 10],"float16"), p=4, )
W0723 12:31:21.888216 45351 gpu_resources.cc:114] Please NOTE: device: 0, GPU Compute Capability: 8.0, Driver API Version: 12.0, Runtime API Version: 11.8
numel:4294967300
int32max:2147483647
int64numel:4294967300
Subtract t shape: [429496730, 10]
x_grad_tmp shape: [429496730, 10]
y_grad_tmp shape: [429496730, 10]
LaunchReduceGradKernel ------ cpu
input0->numel(): 4
input0int64->numel(): 4294967300
dim = [4294967300]
x_grad_tmp shape: [429496730, 10]
x_grad (intermediate) shape: [10]
x_grad (final) shape: [10]
y_grad_tmp shape: [429496730, 10]
y_grad (shared) shape: [429496730, 10]
[accuracy error] backward  paddle.dist(x=Tensor([10],"float16"), y=Tensor([429496730, 10],"float16"), p=4, ) 
 Not equal to tolerance rtol=0.01, atol=0.01
Tensor-likes are not close!

Mismatched elements: 2 / 10 (20.0%)
Greatest absolute difference: 0.377685546875 at index (1,) (up to 0.01 allowed)
Greatest relative difference: inf at index (1,) (up to 0.01 allowed)
ACTUAL: (shape=torch.Size([10]), dtype=torch.float16)
tensor([ 0.0000,  0.3777,  0.0000,  0.0000,  0.0000,  0.0000, -0.1530,  0.0000,  0.0000,  0.0000], dtype=torch.float16)
DESIRED: (shape=torch.Size([10]), dtype=torch.float16)
tensor([0., 0., 0., 0., 0., 0., 0., 0., 0., 0.], dtype=torch.float16)




=================测试开始======================测试开始====================测试开始=========================测试开始====================测试开始========================测试开始=================================
CUDA_VISIBLE_DEVICES:1
test begin: paddle.dist(x=Tensor([10],"float16"), y=Tensor([429496730, 10],"float16"), p=4, )
W0723 12:36:25.912631 49409 gpu_resources.cc:114] Please NOTE: device: 0, GPU Compute Capability: 8.0, Driver API Version: 12.0, Runtime API Version: 11.8
numel:4294967300
int32max:2147483647
int64numel:4294967300
Subtract t shape: [429496730, 10]
x_grad_tmp shape: [429496730, 10]
y_grad_tmp shape: [429496730, 10]
LaunchReduceGradKernel ------ cpu
input0->numel(): 4
input0int64->numel(): 4294967300
dim = [4294967300]
x_grad_tmp shape: [429496730, 10]
x_grad (intermediate) shape: [10]
x_grad (final) shape: [10]
y_grad_tmp shape: [429496730, 10]
y_grad (shared) shape: [429496730, 10]
[accuracy error] backward  paddle.dist(x=Tensor([10],"float16"), y=Tensor([429496730, 10],"float16"), p=4, ) 
 Not equal to tolerance rtol=0.01, atol=0.01
Tensor-likes are not close!

Mismatched elements: 2 / 10 (20.0%)
Greatest absolute difference: 0.377685546875 at index (1,) (up to 0.01 allowed)
Greatest relative difference: inf at index (1,) (up to 0.01 allowed)
ACTUAL: (shape=torch.Size([10]), dtype=torch.float16)
tensor([ 0.0000,  0.3777,  0.0000,  0.0000,  0.0000,  0.0000, -0.1530,  0.0000,  0.0000,  0.0000], dtype=torch.float16)
DESIRED: (shape=torch.Size([10]), dtype=torch.float16)
tensor([0., 0., 0., 0., 0., 0., 0., 0., 0., 0.], dtype=torch.float16)







=================测试开始======================测试开始====================测试开始=========================测试开始====================测试开始========================测试开始=================================
CUDA_VISIBLE_DEVICES:2
test begin: paddle.dist(x=Tensor([10],"float16"), y=Tensor([429496730, 10],"float16"), p=4, )
W0723 12:43:09.950399 55502 gpu_resources.cc:114] Please NOTE: device: 0, GPU Compute Capability: 8.0, Driver API Version: 12.0, Runtime API Version: 11.8
numel:4294967300
int32max:2147483647
int64numel:4294967300
Subtract t shape: [429496730, 10]
x_grad_tmp shape: [429496730, 10]
y_grad_tmp shape: [429496730, 10]
LaunchReduceGradKernel ------ cpu
input0->numel(): 4
input0int64->numel(): 4294967300
dim = [4294967300]
x_grad_tmp shape: [429496730, 10]
x_grad (intermediate) shape: [10]
x_grad (final) shape: [10]
y_grad_tmp shape: [429496730, 10]
y_grad (shared) shape: [429496730, 10]
[accuracy error] backward  paddle.dist(x=Tensor([10],"float16"), y=Tensor([429496730, 10],"float16"), p=4, ) 
 Not equal to tolerance rtol=0.01, atol=0.01
Tensor-likes are not close!

Mismatched elements: 2 / 10 (20.0%)
Greatest absolute difference: 0.67138671875 at index (1,) (up to 0.01 allowed)
Greatest relative difference: inf at index (1,) (up to 0.01 allowed)
ACTUAL: (shape=torch.Size([10]), dtype=torch.float16)
tensor([ 0.0000,  0.6714,  0.0000,  0.0000,  0.0000,  0.0000, -0.4465,  0.0000,  0.0000,  0.0000], dtype=torch.float16)
DESIRED: (shape=torch.Size([10]), dtype=torch.float16)
tensor([0., 0., 0., 0., 0., 0., 0., 0., 0., 0.], dtype=torch.float16)




=================测试开始======================测试开始====================测试开始=========================测试开始====================测试开始========================测试开始=================================
CUDA_VISIBLE_DEVICES:5
test begin: paddle.dist(x=Tensor([429496730, 10],"float16"), y=Tensor([10],"float16"), p=4, )
W0723 13:24:48.592031 90830 gpu_resources.cc:114] Please NOTE: device: 0, GPU Compute Capability: 8.0, Driver API Version: 12.0, Runtime API Version: 11.8
numel:4294967300
int32max:2147483647
int64numel:4294967300
Subtract t shape: [429496730, 10]
x_grad_tmp shape: [429496730, 10]
y_grad_tmp shape: [429496730, 10]
LaunchReduceGradKernel ------ cpu
input0->numel(): 4
input0int64->numel(): 4294967300
dim = [4294967300]
x_grad_tmp shape: [429496730, 10]
x_grad (shared) shape: [429496730, 10]
y_grad_tmp shape: [429496730, 10]
y_grad (intermediate) shape: [10]
y_grad (final) shape: [10]
[accuracy error] backward  paddle.dist(x=Tensor([429496730, 10],"float16"), y=Tensor([10],"float16"), p=4, ) 
 Not equal to tolerance rtol=0.01, atol=0.01
Tensor-likes are not close!

Mismatched elements: 10 / 10 (100.0%)
Greatest absolute difference: 16.671875 at index (1,) (up to 0.01 allowed)
Greatest relative difference: inf at index (0,) (up to 0.01 allowed)
ACTUAL: (shape=torch.Size([10]), dtype=torch.float16)
tensor([  2.4473, -16.6719,  -5.1719,  -1.7588,  10.0781,  10.0781,  15.9922, -11.2188,  -1.8223,  -4.5586],
       dtype=torch.float16)
DESIRED: (shape=torch.Size([10]), dtype=torch.float16)
tensor([0., 0., 0., 0., 0., 0., 0., 0., 0., 0.], dtype=torch.float16)




=================测试开始======================测试开始====================测试开始=========================测试开始====================测试开始========================测试开始=================================
CUDA_VISIBLE_DEVICES:5
test begin: paddle.dist(x=Tensor([429496730, 10],"float16"), y=Tensor([10],"float16"), )
W0723 13:41:14.008896 104003 gpu_resources.cc:114] Please NOTE: device: 0, GPU Compute Capability: 8.0, Driver API Version: 12.0, Runtime API Version: 11.8
numel:4294967300
int32max:2147483647
int64numel:4294967300
Subtract t shape: [429496730, 10]
x_grad_tmp shape: [429496730, 10]
y_grad_tmp shape: [429496730, 10]
LaunchReduceGradKernel ------ cpu
input0->numel(): 4
input0int64->numel(): 4294967300
dim = [4294967300]
x_grad_tmp shape: [429496730, 10]
x_grad (shared) shape: [429496730, 10]
y_grad_tmp shape: [429496730, 10]
y_grad (intermediate) shape: [10]
y_grad (final) shape: [10]
[Pass] paddle.dist(x=Tensor([429496730, 10],"float16"), y=Tensor([10],"float16"), )




=================测试开始======================测试开始====================测试开始=========================测试开始====================测试开始========================测试开始=================================
CUDA_VISIBLE_DEVICES:5
test begin: paddle.dist(x=Tensor([10],"float16"), y=Tensor([42949670, 10],"float16"), )
W0723 15:41:41.495882 100464 gpu_resources.cc:114] Please NOTE: device: 0, GPU Compute Capability: 8.0, Driver API Version: 12.0, Runtime API Version: 11.8
numel:429496700
int32max:2147483647
int32numel:429496700
Subtract t shape: [42949670, 10]
x_grad_tmp shape: [42949670, 10]
y_grad_tmp shape: [42949670, 10]
LaunchReduceGradKernel ------ cpu
input0->numel(): 429496700
input0int64->numel(): 429496700
x_grad_tmp shape: [42949670, 10]
x_grad (intermediate) shape: [10]
x_grad (final) shape: [10]
y_grad_tmp shape: [42949670, 10]
y_grad (shared) shape: [42949670, 10]
[Pass] paddle.dist(x=Tensor([10],"float16"), y=Tensor([42949670, 10],"float16"), )




=================测试开始======================测试开始====================测试开始=========================测试开始====================测试开始========================测试开始=================================
CUDA_VISIBLE_DEVICES:5
test begin: paddle.dist(x=Tensor([10],"float16"), y=Tensor([429496710, 10],"float16"), )
W0723 15:45:01.173837 103101 gpu_resources.cc:114] Please NOTE: device: 0, GPU Compute Capability: 8.0, Driver API Version: 12.0, Runtime API Version: 11.8
numel:4294967100
int32max:2147483647
int64numel:4294967100
Subtract t shape: [429496710, 10]
x_grad_tmp shape: [429496710, 10]
y_grad_tmp shape: [429496710, 10]
LaunchReduceGradKernel ------ cpu
input0->numel(): -196
input0int64->numel(): 4294967100
x_grad_tmp shape: [429496710, 10]
x_grad (intermediate) shape: [10]
x_grad (final) shape: [10]
y_grad_tmp shape: [429496710, 10]
y_grad (shared) shape: [429496710, 10]
[Pass] paddle.dist(x=Tensor([10],"float16"), y=Tensor([429496710, 10],"float16"), )




=================测试开始======================测试开始====================测试开始=========================测试开始====================测试开始========================测试开始=================================
CUDA_VISIBLE_DEVICES:5
test begin: paddle.dist(x=Tensor([10],"float16"), y=Tensor([429496730, 10],"float16"), p=4, )
W0723 16:10:48.221890 139968 gpu_resources.cc:114] Please NOTE: device: 0, GPU Compute Capability: 8.0, Driver API Version: 12.0, Runtime API Version: 11.8
numel:4294967300
int32max:2147483647
int64numel:4294967300
Subtract t shape: [429496730, 10]
x_grad_tmp shape: [429496730, 10]
y_grad_tmp shape: [429496730, 10]
LaunchReduceGradKernel ------ cpu
input0->numel(): 4
input0int64->numel(): 4294967300
x_grad_tmp shape: [429496730, 10]
x_grad (intermediate) shape: [10]
x_grad (final) shape: [10]
y_grad_tmp shape: [429496730, 10]
y_grad (shared) shape: [429496730, 10]
[accuracy error] backward  paddle.dist(x=Tensor([10],"float16"), y=Tensor([429496730, 10],"float16"), p=4, ) 
 Not equal to tolerance rtol=0.01, atol=0.01
Tensor-likes are not close!

Mismatched elements: 2 / 10 (20.0%)
Greatest absolute difference: 0.377685546875 at index (1,) (up to 0.01 allowed)
Greatest relative difference: inf at index (1,) (up to 0.01 allowed)
ACTUAL: (shape=torch.Size([10]), dtype=torch.float16)
tensor([ 0.0000,  0.3777,  0.0000,  0.0000,  0.0000,  0.0000, -0.1530,  0.0000,  0.0000,  0.0000], dtype=torch.float16)
DESIRED: (shape=torch.Size([10]), dtype=torch.float16)
tensor([0., 0., 0., 0., 0., 0., 0., 0., 0., 0.], dtype=torch.float16)




=================测试开始======================测试开始====================测试开始=========================测试开始====================测试开始========================测试开始=================================
CUDA_VISIBLE_DEVICES:5
test begin: paddle.dist(x=Tensor([10],"float16"), y=Tensor([214748365, 10],"float16"), p=4, )
W0723 16:48:08.004259 27802 gpu_resources.cc:114] Please NOTE: device: 0, GPU Compute Capability: 8.0, Driver API Version: 12.0, Runtime API Version: 11.8
numel:2147483650
int32max:2147483647
int64numel:2147483650
Subtract t shape: [214748365, 10]
x_grad_tmp shape: [214748365, 10]
y_grad_tmp shape: [214748365, 10]
LaunchReduceGradKernel ------ cpu
input0->numel(): -2147483646
input0int64->numel(): 2147483650
x_grad_tmp shape: [214748365, 10]
x_grad (intermediate) shape: [10]
x_grad (final) shape: [10]
y_grad_tmp shape: [214748365, 10]
y_grad (shared) shape: [214748365, 10]
[accuracy error] backward  paddle.dist(x=Tensor([10],"float16"), y=Tensor([214748365, 10],"float16"), p=4, ) 
 Not equal to tolerance rtol=0.01, atol=0.01
Tensor-likes are not close!

Mismatched elements: 5 / 10 (50.0%)
Greatest absolute difference: 1.61328125 at index (1,) (up to 0.01 allowed)
Greatest relative difference: inf at index (1,) (up to 0.01 allowed)
ACTUAL: (shape=torch.Size([10]), dtype=torch.float16)
tensor([ 0.0000,  1.6133,  0.0000,  0.0000, -0.2484, -0.2485, -1.5020,  0.5327,  0.0000,  0.0000], dtype=torch.float16)
DESIRED: (shape=torch.Size([10]), dtype=torch.float16)
tensor([0., 0., 0., 0., 0., 0., 0., 0., 0., 0.], dtype=torch.float16)




=================测试开始======================测试开始====================测试开始=========================测试开始====================测试开始========================测试开始=================================
CUDA_VISIBLE_DEVICES:5
test begin: paddle.dist(x=Tensor([10],"float16"), y=Tensor([214748364, 10],"float16"), p=4, )
W0723 16:49:53.814709 30250 gpu_resources.cc:114] Please NOTE: device: 0, GPU Compute Capability: 8.0, Driver API Version: 12.0, Runtime API Version: 11.8
numel:2147483640
int32max:2147483647
int32numel:2147483640
terminate called after throwing an instance of 'common::enforce::EnforceNotMet'
  what():  (External) CUDA error(700), an illegal memory access was encountered. 
  [Hint: 'cudaErrorIllegalAddress'. The device encountered a load or store instruction on an invalid memory address. This leaves the process in an inconsistentstate and any further CUDA work will return the same error. To continue using CUDA, the process must be terminated and relaunched. ] (at /home/fanxiangyu/Paddle/paddle/phi/core/platform/device/gpu/gpu_info.cc:348)



--------------------------------------
C++ Traceback (most recent call last):
--------------------------------------
0   paddle::pybind::eager_api_dist(_object*, _object*, _object*)
1   dist_ad_func(paddle::Tensor const&, paddle::Tensor const&, float)
2   paddle::experimental::dist(paddle::Tensor const&, paddle::Tensor const&, float)
3   void phi::DistKernel<phi::dtype::float16, phi::GPUContext>(phi::GPUContext const&, phi::DenseTensor const&, phi::DenseTensor const&, float, phi::DenseTensor*)
4   void phi::PNormKernel<phi::dtype::float16, phi::GPUContext>(phi::GPUContext const&, phi::DenseTensor const&, float, int, float, bool, bool, phi::DenseTensor*)
5   void phi::funcs::ReduceKernel<phi::dtype::float16, float, phi::kps::AddFunctor, phi::UnsignedPowFunctor<float>, false>(phi::GPUContext const&, phi::DenseTensor const&, phi::DenseTensor*, phi::UnsignedPowFunctor<float> const&, std::vector<int, std::allocator<int> > const&)
6   phi::DenseTensor::~DenseTensor()
7   std::_Sp_counted_deleter<phi::Allocation*, std::function<void (phi::Allocation*)>, std::allocator<void>, (__gnu_cxx::_Lock_policy)2>::_M_dispose()
8   paddle::memory::allocation::CUDAAllocator::FreeImpl(phi::Allocation*)

----------------------
Error Message Summary:
----------------------
FatalError: `Process abort signal` is detected by the operating system.
  [TimeInfo: *** Aborted at 1753260596 (unix time) try "date -d @1753260596" if you are using GNU date ***]
  [SignalInfo: *** SIGABRT (@0x762a) received by PID 30250 (TID 0x7fd7d7431740) from PID 30250 ***]





=================测试开始======================测试开始====================测试开始=========================测试开始====================测试开始========================测试开始=================================
CUDA_VISIBLE_DEVICES:5
test begin: paddle.digamma(x=Tensor([6, 6, 19884108, 6],"float16"), )
W0723 17:25:11.099543 69665 gpu_resources.cc:114] Please NOTE: device: 0, GPU Compute Capability: 8.0, Driver API Version: 12.0, Runtime API Version: 11.8
[accuracy error] backward  paddle.digamma(x=Tensor([6, 6, 19884108, 6],"float16"), ) 
 Not equal to tolerance rtol=0.01, atol=0.01
Tensor-likes are not close!

Mismatched elements: 17749355 / 4294967328 (0.4%)
Greatest absolute difference: nan at index (2, 0, 18278358, 2) (up to 0.01 allowed)
Greatest relative difference: nan at index (0, 0, 23, 4) (up to 0.01 allowed)
ACTUAL: (shape=torch.Size([6, 6, 19884108, 6]), dtype=torch.float16)
tensor([[[[ 3.0953e+01, -1.1523e+00, -4.0430e+00, -3.7906e+01, -4.8789e+00,  4.2969e+00],
          [-3.5962e-01, -4.0430e+00,  2.1375e+01, -4.5234e+00,  4.4165e-01, -1.4834e+00],
          [-2.4316e+00, -1.9570e+00, -1.4736e+00,  2.9902e+00,  3.8887e+00,  3.5100e+02],
          ...,
          [ 2.8652e+00,  1.1758e+01, -5.5117e+00,  5.1094e+00, -4.7461e+00, -5.1367e+00],
          [ 1.1641e+00, -1.0445e+01, -1.1191e+00,  6.8438e+01, -8.4424e-01,  3.8711e+00],
          [-1.9902e+00, -8.0234e+00,  4.8219e+01, -4.4961e+00,  8.5156e+00,  1.0633e+01]],

         [[ 1.7656e+00,  3.8184e+00,  5.7227e+00, -3.0938e+00,  6.5300e+02,  3.5820e+00],
          [-3.7148e+00, -1.1398e+01,  3.5410e+00,  1.8154e+00, -1.0531e+02, -6.9531e+00],
          [-2.9941e+00, -8.5781e+00,  4.9609e+00,  1.8252e+00, -6.2500e+00,  4.9812e+01],
          ...,
          [ 2.0996e+00, -1.6592e+00,  3.0273e+00,  1.7383e+00, -4.9562e+01, -7.3438e+00],
          [ 8.3789e-01, -3.4531e+01,  2.8867e+00, -8.7656e+00, -1.5969e+01, -5.1172e+00],
          [-1.3375e+01,  1.1414e+01,  3.0977e+00,  2.5312e+00, -4.8828e+00,  5.0898e+00]],

         [[-4.6969e+01, -8.2764e-01,  1.8320e+00, -7.9219e+00,  1.6572e+00, -4.3945e+00],
          [ 9.0547e+00, -2.1855e+00, -1.0762e+00,  6.7432e-01,  4.0859e+00, -2.1797e+00],
          [-2.2598e+00,  2.4766e+01, -2.2594e+01,  2.0508e+00, -1.2375e+01,  1.5969e+01],
          ...,
          [ 3.1675e+02, -7.1328e+00,  6.5039e+00, -1.4756e+00,  7.3200e+02,  1.8375e+01],
          [ 2.0250e+01,  8.8965e-01,  2.6211e+00, -5.2461e+00, -2.8262e+00,  9.6680e-01],
          [ 6.9629e-01, -1.7598e+00,  5.0547e+00,  1.2425e+02, -3.8672e+00,  1.1275e+02]],

         [[ 6.5080e+03, -2.3672e+00, -1.1219e+01, -9.4250e+01, -3.1484e+00, -1.4164e+01],
          [ 3.1582e+00,  1.3109e+01, -2.1703e+01,  5.3633e+00, -1.2008e+01, -2.3531e+01],
          [-2.3359e+00, -7.6484e+00,  1.7979e+00,  1.1436e+00, -2.1578e+01, -3.1836e+00],
          ...,
          [ 4.4094e+01, -1.6188e+02,  3.1543e+00,  3.6738e+00, -1.0762e+00,  1.0176e+00],
          [-7.8047e+00,  5.2051e-01, -3.9531e+00,  6.9312e+01, -2.7766e+01, -2.8965e+00],
          [ 9.5938e+00,  1.6689e+00,  5.5039e+00,  1.5361e+00, -4.0859e+00, -4.4727e+00]],

         [[ 2.5391e-01,  8.1201e-01,  4.7305e+00, -2.6047e+01,  7.0117e-01,  5.5586e+00],
          [-3.3240e+03, -6.1963e-01,  4.2969e+00,  3.2109e+00,  4.2383e+00, -1.2119e+00],
          [ 2.3496e+00, -3.8555e+00,  5.9800e+02, -4.4414e+00, -4.5195e+00,  4.3250e+02],
          ...,
          [-1.3184e-01,  1.4912e+00, -2.9551e+00,  2.4328e+01, -5.0234e+00,  4.7217e-01],
          [ 4.1836e+00, -5.5811e-01, -3.9043e+00, -1.5029e+00,  3.1372e-01,  1.3078e+01],
          [ 3.3477e+00, -1.0950e+02,  6.0281e+01,  7.3850e+02,  1.0645e+00, -4.7461e+00]],

         [[-3.4920e+03, -3.5957e+00,  1.0508e+01, -4.4141e+00, -4.0062e+01, -5.8301e-01],
          [-5.8203e+00,  3.1152e-01, -8.2812e+00, -9.6436e-01, -1.6533e+00,  1.1555e+01],
          [-3.0684e+00,  1.3469e+01, -8.5625e+01,  1.1562e+00, -4.3711e+00, -3.1172e+00],
          ...,
          [-4.0000e+00, -3.1274e-01, -9.6797e+00,  8.6230e-01, -5.7617e-01,  1.8965e+00],
          [ 9.4766e+00,  3.5703e+00, -3.8516e+00,  3.0203e+01, -1.9873e+00, -1.0928e+00],
          [-1.7641e+01, -2.8594e+00, -4.0039e+00,  2.0642e-01,  5.6367e+00, -1.1635e-02]]],


        [[[ 2.1641e+01,  7.9180e+00,  4.8984e+00,  4.5234e+00, -3.8925e+02,  4.8164e+00],
          [-1.9131e+00,  1.3938e+01,  8.0127e-01,  1.0461e+01, -2.5566e+00,  1.4762e+02],
          [-4.0469e+00,  5.3984e+00,  4.5078e+00,  1.4859e+01,  3.6914e+00, -8.9844e+00],
          ...,
          [ 7.5391e+00, -2.7450e+02, -2.1934e+00,  7.6055e+00, -3.0176e+00,  4.2266e+00],
          [-2.8340e+00,  8.1641e+00,  1.8105e+00, -3.2422e+00,  2.2344e+00,  4.1914e+00],
          [ 1.4867e+01, -1.9547e+01, -1.2910e+00, -2.7852e+00, -6.8604e-01, -4.0703e+00]],

         [[-8.4180e-01, -1.8469e+01,  7.9053e-01,  1.4109e+01, -1.8719e+01,  9.6719e+00],
          [-1.0188e+01,  3.5352e+00, -1.9672e+01,  2.2100e+02,  3.5020e+00, -3.9160e+00],
          [ 2.8594e+00, -6.8086e+00,  3.8516e+00,  1.8362e+02, -8.4219e+00,  8.5469e+00],
          ...,
          [ 7.1836e+00, -2.3047e+00,  3.2875e+01,  7.6480e+03,  6.3875e+01,  3.2441e+00],
          [-2.4980e+00, -1.9326e+00,  1.1319e+02,  4.6797e+00, -4.5312e+00, -2.5801e+00],
          [-2.5195e+00,  1.5713e+00,  7.1680e+00,  6.6625e+01, -3.0078e+00,  1.0690e+03]],

         [[-2.5586e+00,  1.8672e+04,  3.9375e+00,  1.8096e+00,  4.1250e+00,  9.2266e+00],
          [ 2.3008e+00,  2.2375e+01,  8.5156e+00, -8.2938e+01,  3.3418e+00,  9.7266e+00],
          [ 1.6680e+00, -1.7578e+00, -6.7695e+00, -3.1152e+00, -3.1250e+00, -3.6152e+00],
          ...,
          [-6.2500e-01, -8.9922e+00,  1.7939e+00,  3.2617e+00,  3.6680e+00, -1.4140e+03],
          [ 3.3496e+00,  4.9453e+00,  5.0742e+00, -3.7061e-01,  9.7559e-01, -4.1938e+01],
          [-3.9512e+00, -1.2744e+02,  4.1680e+00, -5.1016e+00,  4.2773e+00,  3.3906e+01]],

         [[-1.6288e+02, -1.2231e-01, -9.0918e-01, -1.3047e+00, -3.5858e-02, -2.9746e+00],
          [-4.1719e+00, -8.4082e-01,  1.3289e+01,  2.8609e+01, -7.3900e+02,  3.0425e+02],
          [-1.0438e+01, -6.2656e+00,  9.2969e-01, -2.3840e-01,  1.3412e+02,  3.4156e+01],
          ...,
          [-1.0039e+00, -1.4316e+00, -2.0984e+01, -6.5195e+00,  2.2400e-01,  3.1230e+00],
          [ 2.1309e+00,  3.0938e+00,  3.5527e+00, -6.9971e-01, -6.5234e+00, -4.1284e-01],
          [-1.2910e+00, -7.7734e+00, -1.0944e+04,  2.0820e+00,  9.6826e-01,  1.8062e+01]],

         [[ 1.2280e+03,  4.6875e+00,  3.8184e+00,  3.1426e+00, -3.9199e+00, -1.3460e+03],
          [-3.6841e-01,  1.1773e+01, -2.1969e+01, -8.0703e+00,  5.5219e+01,  2.2676e+00],
          [-9.6094e+00, -1.7803e+00,  5.5039e+00, -3.4277e+00, -3.5205e-01, -1.1539e+01],
          ...,
          [-1.0684e+00, -3.2324e+00,  7.4688e+01, -4.1525e+02,  7.8800e+02,  2.9082e+00],
          [-6.2750e+01, -9.8206e-02, -1.2559e+00, -1.9766e+00,  1.6260e+00, -3.2715e+00],
          [-2.6000e+01, -1.9219e+01,  2.4172e+01,  3.1328e+00, -1.5654e+00, -3.1191e+00]],

         [[ 6.9050e+02, -5.5176e-01, -2.0605e+00,  1.0488e+00, -2.6600e+03, -2.9219e+01],
          [-1.3809e+00,  1.1738e+00, -1.5947e+00, -3.6211e+00, -1.9121e+00,  5.6445e+00],
          [ 7.7625e+01,  1.4047e+01, -2.8594e+01,  2.0766e+01,  1.4801e-02,  2.5176e+00],
          ...,
          [ 8.3984e+00, -9.8594e+00,  1.1113e+00, -1.7380e+03,  2.3718e-01, -1.5680e+04],
          [ 2.2383e+00,  2.6050e+02, -1.3328e+01, -2.5156e+01,  2.7988e+00,  9.3062e+01],
          [-4.0015e-01,  1.6133e+00, -8.3438e+00, -8.2734e+00,  6.7500e+00, -1.9775e+00]]],


        [[[ 5.6500e+02, -9.6016e+00,  9.9609e+00, -1.5918e+00, -1.3984e+00, -5.9922e+00],
          [-5.0240e+03, -2.9473e+00,  4.6055e+00, -1.6748e+00, -1.8628e-01, -2.2910e+00],
          [-2.3328e+01, -1.0889e+00, -4.1484e+00,  7.9531e+00,  5.8281e+00, -1.7422e+01],
          ...,
          [-1.2578e+00,  1.6875e+00, -2.5742e+00, -1.3086e+01,  7.2852e+00,  2.3516e+00],
          [-5.2578e+00, -4.2578e-01, -3.5488e+00, -3.3613e+00, -7.0703e-01, -6.7676e-01],
          [-9.4678e-01,  1.6359e+01, -3.4102e+00,  2.7441e+00, -5.4346e-01,  3.7305e-01]],

         [[ 3.9316e+00,  2.1891e+01,  4.5273e+00,  2.5195e+00,  4.0039e+00,  4.6328e+00],
          [-6.1094e+00, -3.8809e+00,  3.6758e+00,  5.0312e+00,  2.5293e+00,  6.2969e+00],
          [ 4.0195e+00, -8.5000e+00, -2.4594e+01, -3.7910e+00, -2.9761e-01, -4.5728e-01],
          ...,
          [ 1.4902e+00,  3.5957e+00,  2.6850e+02, -1.4031e+01,  9.6641e+00, -1.9492e+00],
          [-7.1387e-01,  1.0626e-01,  3.4629e+00,  3.0859e+00,  3.4844e+01,  4.5508e-01],
          [ 2.1844e+01,  8.1641e-01,  5.7734e+00,  1.6870e-01,  4.1992e+00, -2.4141e+00]],

         [[-1.4978e-01, -1.1039e+01,  1.6172e+01, -3.3086e+00,  1.6562e+02,  5.7422e+00],
          [-1.6670e+00, -3.6777e+00, -4.1797e+00, -3.1094e+00, -1.6777e+00,  3.9844e-01],
          [ 1.1305e+01, -1.0133e+01,  2.5375e+02, -2.4160e+00, -6.2305e+00,  1.1641e+01],
          ...,
          [ 5.7050e+02,  1.2656e+00,  1.4977e+01,  7.9180e+00,  3.2617e+00, -1.9875e+01],
          [ 5.5898e+00, -1.8799e+00, -1.5750e+01,  3.9434e+00,  1.5186e+00, -2.4112e+04],
          [-3.2500e+00, -6.4300e+02,  6.6260e-01, -2.7344e+00,  2.6016e+01,  1.3961e+01]],

         [[-9.6094e-01,  3.2441e+00, -3.0250e+02,  5.5430e+00, -2.4512e+00,  7.2227e+00],
          [ 3.3281e+01, -1.1953e+00, -2.2754e+00,  7.8223e-01, -2.9941e+00, -6.0352e-01],
          [ 7.0195e+00,  5.7031e+01,  9.6875e+00, -4.3398e+00,  6.6016e+00,  7.6172e-01],
          ...,
          [-9.4678e-01,  1.9688e+00,  2.4141e+00,  1.0406e+01, -1.1904e+00,  1.3234e+01],
          [-7.0947e-01, -1.6031e+01, -9.3125e+00, -2.4199e+00,  7.5439e-02,  1.1238e+02],
          [ 2.6297e+01, -2.5645e+00, -1.7891e+00, -5.3086e+00, -1.1769e+02,  2.3008e+00]],

         [[ 1.2488e+02, -5.4590e-01, -2.4590e+00, -2.3848e+00,  1.0000e+01, -1.8652e+00],
          [ 7.9727e+00,  4.2148e+00, -6.4453e+00, -4.1562e+00, -5.9912e-01,  3.7168e+00],
          [ 6.2266e+00,  4.3789e+00,  4.4031e+01, -2.3789e+00,  4.2432e-01,  2.7172e+01],
          ...,
          [ 1.1963e+00,  2.1047e+01,  1.0336e+04,  1.0594e+01,  2.3789e+00, -1.5391e+01],
          [-4.6875e+00,  6.5312e+00,  1.3664e+01, -1.0977e+01,  8.4219e+00, -3.4648e+00],
          [-2.1367e+00, -1.8545e+00, -2.0609e+01,  5.5898e+00, -2.1562e+01, -1.1477e+01]],

         [[ 1.5723e+00, -3.4025e+02, -8.0312e+00, -3.3945e+00,  3.6816e-01,  2.5088e+02],
          [-1.6469e+01,  5.6758e+00,  7.1602e+00,  9.9375e+00, -1.4414e+00, -3.1582e+00],
          [-6.3379e-01, -9.8047e-01,  1.1211e+01, -2.7852e+00, -2.5547e+00,  2.4297e+00],
          ...,
          [-7.1602e+00, -9.0234e+00,  3.2344e+01, -1.3799e+00, -7.6125e+01, -3.9969e+01],
          [-7.7332e-02,  4.8688e+01,  3.5098e+00, -6.6367e+00, -8.7812e+00, -9.5781e+00],
          [-4.9531e+00, -2.5801e+00, -1.6270e+00, -1.0977e+01,  1.1625e+02,  5.1709e-01]]],


        [[[-2.1250e+00,  9.3516e+00,  1.0898e+00,  1.6904e+00, -3.9961e+00,  1.0742e+00],
          [ 2.0430e+00,  1.6156e+01,  1.1414e+01,  7.8945e+00, -2.5254e+00, -7.7852e+00],
          [-6.4648e-01, -2.4531e+01, -3.2219e+01, -3.0332e+00, -5.7422e+00,  2.2125e+01],
          ...,
          [-1.1844e+01,  3.0891e+01,  7.2930e+00,  1.2945e+01, -3.0703e+01,  1.3535e+00],
          [ 2.3574e+00, -1.2445e+01,  2.4414e+00,  3.9043e+00, -1.1719e+00, -6.4297e+00],
          [ 1.8625e+01, -1.0461e+01,  2.1212e+02, -1.3725e+02,  9.8535e-01,  3.6406e+00]],

         [[-2.7219e+01,  1.2900e+00,  8.2666e-01, -1.8848e+00,  4.0078e+00,  6.5117e+00],
          [ 7.1680e-01,  4.2383e-01, -1.6016e+01, -1.1891e+01, -2.8926e+00, -5.1836e+00],
          [-2.2400e+03, -7.1750e+01,  3.0688e+01,  3.5975e+02,  3.4922e+00, -9.5250e+01],
          ...,
          [-7.4312e+01, -8.9375e+01,  1.5244e+00, -9.7290e-02,  1.4893e+00,  3.2969e+00],
          [-3.8469e+01, -5.0352e+00, -2.0039e+00, -1.4836e+01, -5.9688e+00,  6.7383e+00],
          [-2.5215e+00,  6.3672e-01,  3.0059e+00, -2.5000e+00,  2.0234e+01,  4.5875e+01]],

         [[ 1.0610e+03, -2.4316e+00, -1.1865e+00, -9.8584e-01,  1.2438e+02, -2.4551e+00],
          [ 1.3086e+01, -2.8125e+02,  4.1900e+02, -4.7969e+00,  1.8066e+00, -2.4961e+00],
          [        inf, -8.0859e+00, -2.1362e-01, -4.0698e-01,  1.2641e+01,  1.1875e+00],
          ...,
          [ 3.7148e+00,  5.4141e+00,  6.1602e+00,  2.4695e-01, -1.6484e+00, -1.1172e+00],
          [ 1.8656e+01, -1.1525e+02, -1.1644e+02,  2.3965e+00,  6.6312e+01,  1.0344e+02],
          [ 5.8545e-01, -2.4234e+01,  9.6631e-01,  1.5244e+00, -4.0703e+00, -3.2983e-01]],

         [[ 9.4543e-02,  2.8770e+00,  1.1141e+01,  4.5508e+00,  1.3398e+00,  2.9746e+00],
          [-1.7236e+00, -3.3594e+00, -1.2644e+02, -1.3412e+02, -1.2441e+00,  8.9062e-01],
          [ 9.4219e+00,  2.6367e+00, -2.9023e+00,  1.4078e+01,  3.0645e+00,  7.9248e-01],
          ...,
          [-2.6074e+00, -2.5078e+00,  2.5297e+01,  5.7305e+00,  2.9219e+00, -7.0703e+00],
          [-2.2168e+00,  3.7812e+00,  2.6188e+01, -1.7984e+01, -5.5117e+00,  1.5141e+01],
          [ 1.3916e+00,  8.5625e+00,  1.6064e+00, -1.3477e+00, -3.9336e+00,  4.5938e+00]],

         [[ 8.7625e+01,  1.8547e+01,  1.8481e-01,  3.7988e+00,  5.2094e+01, -2.4844e+00],
          [ 1.0236e-01, -2.4023e+00,  4.8320e+00,  1.3879e-01,  6.5820e+00,  1.9170e+00],
          [ 3.2461e+00, -1.7354e+00, -1.9360e-01,  3.3789e+00, -2.3300e-02,  4.2188e+00],
          ...,
          [ 2.1914e+00, -1.2922e+01,  1.2334e+00, -2.6719e+00,  9.4238e-02, -3.8164e+00],
          [-1.4307e-01, -1.1494e+00,  9.7559e-01,  4.3203e+00, -2.5719e+01,  8.7939e-01],
          [ 8.4609e+00, -5.3711e+00, -3.4590e+00,  9.5781e+00, -5.1211e+00,  1.2344e+00]],

         [[ 2.5453e+01,  3.7329e-01, -8.7266e+00,  6.2422e+00,  5.6250e+00, -3.4473e+00],
          [ 1.9473e+00,  3.1922e+01,  2.1016e+00,  2.5410e+00, -5.3281e+00,  9.2500e+00],
          [ 1.3369e+00,  4.3325e+02, -7.3438e+00,  8.6500e+01,  6.3945e+00,  5.4609e+00],
          ...,
          [-4.8657e-01, -6.0547e-01, -3.3906e+00, -1.6290e+03, -2.7695e+00, -3.1035e+00],
          [ 4.4297e+00,  3.5332e+00, -4.1406e+00, -1.8344e+01,  5.4156e+01, -1.1973e+00],
          [ 2.3496e+00, -2.5970e-02,  2.5781e+00, -8.8594e+00,  1.5859e+00,  3.7018e-02]]],


        [[[ 1.7520e+00, -1.5594e+01, -6.4438e+01, -5.6350e+02, -4.2617e+00,  1.3310e+03],
          [ 2.8359e+00,  3.8223e+00, -5.3174e-01, -6.0234e+00, -9.9550e+02, -1.7695e+00],
          [-8.0469e-01, -1.1414e+01,  2.3849e-02,  6.6133e+00,  4.4125e+02,  7.7393e-01],
          ...,
          [ 3.0137e+00,  3.6938e+01,  1.4287e+00, -2.5645e+00, -1.5711e+01, -1.2766e+01],
          [ 3.5273e+00,  4.8100e+02,  1.6625e+01,  8.2227e-01, -1.4795e+00,  6.4450e+02],
          [-1.0633e+01,  2.4023e+00,  2.4648e+00, -2.1230e+00,  7.9297e-01,  4.5664e+00]],

         [[-6.3203e+00,  2.8828e+00, -1.8135e+00,  2.4766e+01,  1.5250e+01, -2.2695e+00],
          [ 1.1883e+01,  2.3789e+00, -7.8000e+01, -1.4711e+01,  2.4047e+01,  5.6992e+00],
          [-8.6562e+00, -1.6211e+00, -9.0186e-01, -1.0148e+01, -1.2195e+01,  5.2852e+00],
          ...,
          [-1.9824e+00, -1.1689e+00,  3.5371e+00,  5.5000e+00,  1.3289e+01, -4.4688e+00],
          [-3.2520e+00,  5.1445e+00, -5.8350e-01,  1.1689e+00, -2.7578e+00,  7.1953e+00],
          [ 1.5537e+00, -5.0600e+02, -8.4375e+00, -1.7119e+00, -7.6758e-01, -1.4828e+01]],

         [[-1.4873e+00, -1.8091e-01,  6.0273e+00, -1.1143e+00, -2.8633e+00,  2.0109e+01],
          [-8.2734e+00, -1.9756e+00,  3.6797e+00,  4.5273e+00, -5.8320e+00, -1.6357e-01],
          [-5.5000e+01, -5.0438e+01, -7.6758e+00,  9.8594e+00, -3.1547e+01, -1.2666e+00],
          ...,
          [ 1.1750e+01,  4.1523e+00,  2.5391e+00,  3.2207e+00, -4.5475e+02,  1.2148e+00],
          [-1.9609e+00,  3.6304e-01, -5.0273e+00, -9.5215e-01,  1.7529e+00, -5.2891e+00],
          [-1.0312e+01,  1.2998e+00,  3.2598e+00,  1.7328e+01, -3.6890e-01, -2.6035e+00]],

         [[-4.4258e+00, -1.8691e+00,  7.5156e+00, -2.6094e+00,  3.2375e+01,  3.6504e+00],
          [ 1.5322e+00, -3.2324e+00, -5.3027e-01, -7.7686e-01,  1.8115e+00, -8.1562e+00],
          [-2.4648e+00, -4.4414e+00, -3.5332e+00,  2.2520e+00,  2.9199e+00,  2.7949e+00],
          ...,
          [ 3.6855e+00, -5.5820e+00,  1.8574e+00, -3.3252e-01,  6.5625e+00, -2.1797e+01],
          [ 2.4707e+00,  7.7695e+00, -2.3711e+00,  6.8164e-01,  6.7312e+01,  2.4727e+00],
          [-2.4219e+01,  8.6279e-01,  5.7227e+00,  1.8047e+00,  1.7346e-01, -1.9156e+01]],

         [[-2.2402e+00, -5.0625e+02,  4.5520e+03, -1.7549e+00,  8.8965e-01, -3.3535e+00],
          [ 5.6445e+00,  2.1289e+00, -1.4602e+01, -2.9902e+00,  2.3301e+00,  2.7656e+00],
          [-2.2383e+00,  3.3375e+01, -5.0078e+00, -8.9795e-01,  4.1914e+00,  1.2273e+01],
          ...,
          [ 5.1758e+00, -2.1045e-01,  1.6562e+02, -2.8496e+00,  5.6450e+02,  1.7842e+00],
          [-8.9453e-01, -3.0884e-01, -8.0812e+01, -3.1344e+01, -9.0430e-01, -2.2080e+04],
          [ 7.8633e+00, -3.8965e+00,  2.8555e+00, -9.1748e-01, -3.3024e+04,  4.2375e+01]],

         [[-2.8164e+00,  1.4078e+01, -3.9868e-01, -8.8232e-01, -8.4219e+00,  2.2754e+00],
          [-1.0744e+02, -1.1709e+00, -3.0664e+00, -3.0254e+00, -9.0800e+02, -4.4258e+00],
          [-3.4199e+00, -4.2578e+00, -1.7219e+01,  1.0453e+01, -7.6602e+00, -1.5410e+00],
          ...,
          [ 4.2695e+00, -4.9492e+00, -1.2969e+00, -3.3691e+00,  2.6344e+01, -1.9575e+02],
          [-1.0956e+02,  6.4550e+02, -1.5710e+03, -8.9844e+00, -4.9883e+00,  1.3850e+02],
          [-5.7617e+00,  1.4570e+00, -5.5176e-01, -5.8633e+00,  2.2681e-01, -8.4297e+00]]],


        [[[-1.9033e+00, -2.2207e+00,  1.4395e+00,  3.2461e+00, -3.0953e+01, -3.9629e+00],
          [ 2.1828e+01,  2.5996e+00, -2.8750e+00,  2.6484e+00,  1.8047e+00,  2.9883e+00],
          [ 1.0879e+00, -2.5879e+00, -1.1570e+01,  4.7656e+00,  1.2453e+01, -1.8955e+00],
          ...,
          [ 4.1875e+00,  2.0039e+00, -4.1600e+02, -2.5957e+00, -6.7734e+00, -1.3012e+02],
          [-1.2356e+02,  4.2562e+01,  3.0195e+00,  2.7969e+00, -6.1172e+00,  4.4719e+01],
          [-1.5557e+00,  3.9141e+00,  3.5430e+00, -7.9188e+01, -1.6234e+01, -4.4805e+00]],

         [[-4.1688e+01,  6.5562e+01, -2.4609e+01,  3.3203e+00,  5.9688e+01,  2.2850e+02],
          [-4.4688e+00, -6.1055e+00,  4.7812e+00, -4.5742e+00, -1.9434e-01,  9.7344e+00],
          [ 1.5344e-01, -1.7598e+00,  5.4883e+00, -5.8350e+02,  8.1350e+02,  3.1621e+00],
          ...,
          [-2.0918e+00, -3.5312e+00, -1.8047e+01,  9.0312e+00,  1.7139e+00,  9.9125e+01],
          [ 2.6538e-01,  3.6156e+01, -2.2402e+00,  1.9625e+01, -2.0703e+00,  5.5234e+00],
          [ 4.0062e+01, -4.5728e-01,  6.5137e-01, -2.3172e+01,  9.3262e-01,  2.8613e+00]],

         [[ 5.6100e+02,  6.6992e-01, -1.7969e+01,  2.0750e+01,  5.0500e+02, -5.7852e+00],
          [ 2.0176e+00,  2.1797e+01,  3.4102e+00,  1.3984e+00, -1.9424e-02,  3.0703e+00],
          [ 2.3875e+01, -3.5684e+00, -4.2656e+01,  6.1812e+01, -2.4473e+00,  3.6031e+01],
          ...,
          [ 2.3412e+02, -6.2344e+01,  1.3115e+00, -9.2236e-01, -5.0500e+01, -4.1758e+00],
          [-5.5469e+00,  3.5352e+00,  7.4414e-01,  1.4346e+00, -5.9727e+00, -8.6094e+00],
          [-2.5996e+00,  4.0781e+00,  3.6250e+00, -5.3625e+01, -1.3550e+03,  2.8953e+01]],

         [[-7.3086e+00,  2.9109e+01,  2.4768e+04, -5.5859e+00, -1.2842e+00, -2.9858e-01],
          [ 4.2798e-01,  7.5820e+00, -1.9219e+01, -3.4004e+00, -2.3125e+01, -5.7520e-01],
          [-4.6836e+00,  2.6147e-01,  1.5664e+00,  2.0781e+00, -4.0664e+00, -1.3875e+02],
          ...,
          [ 3.7695e+00, -1.8054e-01, -2.9609e+01,         inf, -2.2031e+00, -5.6289e+00],
          [-3.6445e+00, -5.1680e+00,  2.8750e+00,  1.0586e+01, -3.0719e+01, -1.9734e+01],
          [ 4.4414e+00, -1.6133e+00, -2.4902e+00,  1.3359e+01, -2.3262e+00,  1.6234e+01]],

         [[-8.1094e+00,  4.1484e+00, -1.2883e+01,  4.3312e+01, -5.9033e-01,  4.8950e+02],
          [-6.9961e+00, -9.6484e-01, -7.2000e+01,  1.5117e+00,  2.5195e+00, -3.6309e+00],
          [-4.8867e+00,  1.8340e+00, -1.2195e+01, -5.2656e+00,  2.1895e+00,  2.5039e+00],
          ...,
          [-2.7578e+01, -3.1780e+03, -1.0557e+00,  2.8184e+00, -4.6650e+02, -2.9953e+01],
          [-4.8462e-01,  8.9609e+00, -3.4004e+00,  2.8926e+00, -4.9375e+00, -6.9961e+00],
          [-3.1289e+00, -7.1777e-01,  1.4111e+00,  2.5996e+00, -1.0180e+01,  3.9969e+01]],

         [[-2.2522e-01,  6.4941e-01,  1.5138e+02,  1.2676e+00,  3.1543e+00,  8.4219e+00],
          [-3.6328e-01,  4.0039e+00,  6.4250e+02,  8.8062e+01, -1.5439e+00,  1.0516e+01],
          [ 5.3711e+00, -2.6400e+02, -3.3555e+00, -3.7000e+01, -2.0801e+00,  4.1523e+00],
          ...,
          [-1.8242e+00, -6.1621e-01,  2.4590e+00,  2.3203e+00, -1.4288e+02,  7.2100e+02],
          [-3.8344e+01,  6.6553e-01, -4.9883e+00, -2.6797e+01, -1.0844e+01,  1.8738e-01],
          [-2.2815e-01,  3.7246e+00,  2.1375e+01,  2.2656e+00,  2.9434e+00,  6.1484e+00]]]], dtype=torch.float16)
DESIRED: (shape=torch.Size([6, 6, 19884108, 6]), dtype=torch.float16)
tensor([[[[ 3.0938e+01, -1.1523e+00, -4.0430e+00, -3.7938e+01, -4.8789e+00,  4.2969e+00],
          [-3.5962e-01, -4.0430e+00,  2.1375e+01, -4.5273e+00,  4.4165e-01, -1.4834e+00],
          [-2.4316e+00, -1.9570e+00, -1.4736e+00,  2.9902e+00,  3.8867e+00,  3.5100e+02],
          ...,
          [ 2.8652e+00,  1.1758e+01, -5.5156e+00,  5.1094e+00, -4.7461e+00, -5.1367e+00],
          [ 1.1641e+00, -1.0445e+01, -1.1191e+00,  6.8375e+01, -8.4424e-01,  3.8711e+00],
          [-1.9902e+00, -8.0234e+00,  4.8219e+01, -4.4961e+00,  8.5234e+00,  1.0633e+01]],

         [[ 1.7646e+00,  3.8164e+00,  5.7227e+00, -3.0957e+00,  6.5300e+02,  3.5801e+00],
          [-3.7168e+00, -1.1391e+01,  3.5430e+00,  1.8154e+00, -1.0531e+02, -6.9531e+00],
          [-2.9941e+00, -8.5781e+00,  4.9648e+00,  1.8242e+00, -6.2500e+00,  4.9812e+01],
          ...,
          [ 2.0996e+00, -1.6592e+00,  3.0273e+00,  1.7383e+00, -4.9562e+01, -7.3438e+00],
          [ 8.3838e-01, -3.4531e+01,  2.8848e+00, -8.7656e+00, -1.5961e+01, -5.1172e+00],
          [-1.3375e+01,  1.1414e+01,  3.0977e+00,  2.5312e+00, -4.8828e+00,  5.0898e+00]],

         [[-4.6969e+01, -8.2764e-01,  1.8320e+00, -7.9219e+00,  1.6572e+00, -4.3945e+00],
          [ 9.0469e+00, -2.1855e+00, -1.0762e+00,  6.7432e-01,  4.0859e+00, -2.1777e+00],
          [-2.2598e+00,  2.4750e+01, -2.2594e+01,  2.0527e+00, -1.2375e+01,  1.5969e+01],
          ...,
          [ 3.1675e+02, -7.1328e+00,  6.5039e+00, -1.4756e+00,  7.3150e+02,  1.8375e+01],
          [ 2.0250e+01,  8.8965e-01,  2.6211e+00, -5.2461e+00, -2.8262e+00,  9.6729e-01],
          [ 6.9629e-01, -1.7607e+00,  5.0508e+00,  1.2419e+02, -3.8652e+00,  1.1275e+02]],

         [[ 6.5080e+03, -2.3652e+00, -1.1227e+01, -9.4250e+01, -3.1484e+00, -1.4164e+01],
          [ 3.1582e+00,  1.3117e+01, -2.1703e+01,  5.3672e+00, -1.2016e+01, -2.3531e+01],
          [-2.3359e+00, -7.6484e+00,  1.7979e+00,  1.1436e+00, -2.1578e+01, -3.1816e+00],
          ...,
          [ 4.4062e+01, -1.6188e+02,  3.1562e+00,  3.6758e+00, -1.0762e+00,  1.0176e+00],
          [-7.8086e+00,  5.2051e-01, -3.9531e+00,  6.9312e+01, -2.7766e+01, -2.8945e+00],
          [ 9.5938e+00,  1.6699e+00,  5.5039e+00,  1.5361e+00, -4.0859e+00, -4.4727e+00]],

         [[ 2.5366e-01,  8.1201e-01,  4.7344e+00, -2.6047e+01,  7.0117e-01,  5.5586e+00],
          [-3.3240e+03, -6.1963e-01,  4.2969e+00,  3.2109e+00,  4.2383e+00, -1.2119e+00],
          [ 2.3496e+00, -3.8555e+00,  5.9800e+02, -4.4453e+00, -4.5195e+00,  4.3250e+02],
          ...,
          [-1.3184e-01,  1.4912e+00, -2.9570e+00,  2.4328e+01, -5.0234e+00,  4.7192e-01],
          [ 4.1836e+00, -5.5811e-01, -3.9023e+00, -1.5039e+00,  3.1372e-01,  1.3078e+01],
          [ 3.3477e+00, -1.0956e+02,  6.0312e+01,  7.3850e+02,  1.0654e+00, -4.7500e+00]],

         [[-3.4920e+03, -3.5957e+00,  1.0516e+01, -4.4141e+00, -4.0062e+01, -5.8301e-01],
          [-5.8203e+00,  3.1152e-01, -8.2812e+00, -9.6436e-01, -1.6533e+00,  1.1555e+01],
          [-3.0684e+00,  1.3469e+01, -8.5625e+01,  1.1562e+00, -4.3711e+00, -3.1191e+00],
          ...,
          [-4.0000e+00, -3.1274e-01, -9.6797e+00,  8.6182e-01, -5.7617e-01,  1.8965e+00],
          [ 9.4766e+00,  3.5703e+00, -3.8516e+00,  3.0188e+01, -1.9883e+00, -1.0928e+00],
          [-1.7625e+01, -2.8594e+00, -4.0039e+00,  2.0642e-01,  5.6367e+00, -1.1642e-02]]],


        [[[ 2.1641e+01,  7.9180e+00,  4.8984e+00,  4.5234e+00, -3.8925e+02,  4.8164e+00],
          [-1.9141e+00,  1.3945e+01,  8.0127e-01,  1.0469e+01, -2.5566e+00,  1.4750e+02],
          [-4.0469e+00,  5.3984e+00,  4.5078e+00,  1.4859e+01,  3.6914e+00, -8.9844e+00],
          ...,
          [ 7.5391e+00, -2.7475e+02, -2.1934e+00,  7.6055e+00, -3.0156e+00,  4.2305e+00],
          [-2.8359e+00,  8.1641e+00,  1.8105e+00, -3.2402e+00,  2.2363e+00,  4.1914e+00],
          [ 1.4867e+01, -1.9547e+01, -1.2900e+00, -2.7852e+00, -6.8604e-01, -4.0703e+00]],

         [[-8.4180e-01, -1.8469e+01,  7.9053e-01,  1.4109e+01, -1.8719e+01,  9.6719e+00],
          [-1.0188e+01,  3.5352e+00, -1.9672e+01,  2.2112e+02,  3.5020e+00, -3.9160e+00],
          [ 2.8574e+00, -6.8086e+00,  3.8516e+00,  1.8362e+02, -8.4219e+00,  8.5391e+00],
          ...,
          [ 7.1836e+00, -2.3027e+00,  3.2906e+01,  7.6520e+03,  6.3875e+01,  3.2441e+00],
          [-2.4980e+00, -1.9326e+00,  1.1319e+02,  4.6797e+00, -4.5312e+00, -2.5781e+00],
          [-2.5195e+00,  1.5713e+00,  7.1719e+00,  6.6625e+01, -3.0098e+00,  1.0690e+03]],

         [[-2.5586e+00,         inf,  3.9355e+00,  1.8096e+00,  4.1250e+00,  9.2266e+00],
          [ 2.3008e+00,  2.2375e+01,  8.5156e+00, -8.2875e+01,  3.3418e+00,  9.7344e+00],
          [ 1.6680e+00, -1.7578e+00, -6.7695e+00, -3.1133e+00, -3.1250e+00, -3.6152e+00],
          ...,
          [-6.2500e-01, -8.9844e+00,  1.7930e+00,  3.2617e+00,  3.6699e+00,        -inf],
          [ 3.3496e+00,  4.9453e+00,  5.0742e+00, -3.7036e-01,  9.7559e-01, -4.1938e+01],
          [-3.9512e+00, -1.2744e+02,  4.1680e+00, -5.1016e+00,  4.2773e+00,  3.3875e+01]],

         [[-1.6288e+02, -1.2238e-01, -9.0918e-01, -1.3057e+00, -3.5858e-02, -2.9746e+00],
          [-4.1719e+00, -8.4082e-01,  1.3281e+01,  2.8625e+01, -7.3900e+02,  3.0425e+02],
          [-1.0438e+01, -6.2695e+00,  9.2969e-01, -2.3840e-01,  1.3412e+02,  3.4156e+01],
          ...,
          [-1.0039e+00, -1.4316e+00, -2.0984e+01, -6.5195e+00,  2.2400e-01,  3.1230e+00],
          [ 2.1309e+00,  3.0938e+00,  3.5527e+00, -6.9971e-01, -6.5234e+00, -4.1284e-01],
          [-1.2910e+00, -7.7734e+00,        -inf,  2.0820e+00,  9.6826e-01,  1.8062e+01]],

         [[ 1.2280e+03,  4.6875e+00,  3.8164e+00,  3.1426e+00, -3.9219e+00, -1.3450e+03],
          [-3.6816e-01,  1.1773e+01, -2.1969e+01, -8.0625e+00,  5.5250e+01,  2.2676e+00],
          [-9.6094e+00, -1.7803e+00,  5.5039e+00, -3.4277e+00, -3.5205e-01, -1.1539e+01],
          ...,
          [-1.0684e+00, -3.2305e+00,  7.4688e+01, -4.1525e+02,  7.8850e+02,  2.9102e+00],
          [-6.2781e+01, -9.8206e-02, -1.2559e+00, -1.9775e+00,  1.6260e+00, -3.2715e+00],
          [-2.6000e+01, -1.9219e+01,  2.4172e+01,  3.1328e+00, -1.5654e+00, -3.1172e+00]],

         [[ 6.9050e+02, -5.5176e-01, -2.0605e+00,  1.0488e+00, -2.6600e+03, -2.9234e+01],
          [-1.3799e+00,  1.1738e+00, -1.5957e+00, -3.6211e+00, -1.9121e+00,  5.6406e+00],
          [ 7.7562e+01,  1.4047e+01, -2.8594e+01,  2.0766e+01,  1.4801e-02,  2.5176e+00],
          ...,
          [ 8.3984e+00, -9.8594e+00,  1.1113e+00, -1.7380e+03,  2.3718e-01,        -inf],
          [ 2.2402e+00,  2.6050e+02, -1.3328e+01, -2.5156e+01,  2.7969e+00,  9.3062e+01],
          [-4.0015e-01,  1.6143e+00, -8.3438e+00, -8.2734e+00,  6.7461e+00, -1.9775e+00]]],


        [[[ 5.6500e+02, -9.6016e+00,  9.9609e+00, -1.5918e+00, -1.3984e+00, -5.9922e+00],
          [-5.0240e+03, -2.9473e+00,  4.6055e+00, -1.6738e+00, -1.8628e-01, -2.2930e+00],
          [-2.3328e+01, -1.0879e+00, -4.1484e+00,  7.9570e+00,  5.8281e+00, -1.7422e+01],
          ...,
          [-1.2578e+00,  1.6875e+00, -2.5742e+00, -1.3086e+01,  7.2852e+00,  2.3496e+00],
          [-5.2617e+00, -4.2578e-01, -3.5488e+00, -3.3594e+00, -7.0703e-01, -6.7676e-01],
          [-9.4678e-01,  1.6359e+01, -3.4102e+00,  2.7441e+00, -5.4346e-01,  3.7305e-01]],

         [[ 3.9336e+00,  2.1891e+01,  4.5273e+00,  2.5195e+00,  4.0039e+00,  4.6328e+00],
          [-6.1133e+00, -3.8809e+00,  3.6758e+00,  5.0273e+00,  2.5293e+00,  6.2930e+00],
          [ 4.0195e+00, -8.5000e+00, -2.4594e+01, -3.7910e+00, -2.9761e-01, -4.5728e-01],
          ...,
          [ 1.4902e+00,  3.5957e+00,  2.6850e+02, -1.4031e+01,  9.6641e+00, -1.9492e+00],
          [-7.1387e-01,  1.0626e-01,  3.4609e+00,  3.0859e+00,  3.4844e+01,  4.5508e-01],
          [ 2.1844e+01,  8.1592e-01,  5.7695e+00,  1.6870e-01,  4.1992e+00, -2.4141e+00]],

         [[-1.4978e-01, -1.1039e+01,  1.6172e+01, -3.3086e+00,  1.6562e+02,  5.7422e+00],
          [-1.6680e+00, -3.6777e+00, -4.1797e+00, -3.1094e+00, -1.6777e+00,  3.9844e-01],
          [ 1.1305e+01, -1.0125e+01,  2.5375e+02, -2.4160e+00, -6.2305e+00,  1.1641e+01],
          ...,
          [ 5.7050e+02,  1.2656e+00,  1.4977e+01,  7.9180e+00,  3.2617e+00, -1.9875e+01],
          [ 5.5898e+00, -1.8799e+00, -1.5750e+01,  3.9434e+00,  1.5186e+00,        -inf],
          [-3.2500e+00, -6.4300e+02,  6.6309e-01, -2.7344e+00,  2.6000e+01,  1.3961e+01]],

         [[-9.6094e-01,  3.2441e+00, -3.0250e+02,  5.5430e+00, -2.4531e+00,  7.2188e+00],
          [ 3.3281e+01, -1.1953e+00, -2.2754e+00,  7.8223e-01, -2.9941e+00, -6.0352e-01],
          [ 7.0195e+00,  5.7031e+01,  9.6875e+00, -4.3398e+00,  6.6016e+00,  7.6172e-01],
          ...,
          [-9.4678e-01,  1.9678e+00,  2.4141e+00,  1.0406e+01, -1.1895e+00,  1.3234e+01],
          [-7.0947e-01, -1.6031e+01, -9.3125e+00, -2.4199e+00,  7.5439e-02,  1.1238e+02],
          [ 2.6297e+01, -2.5645e+00, -1.7891e+00, -5.3086e+00, -1.1769e+02,  2.2988e+00]],

         [[ 1.2488e+02, -5.4590e-01, -2.4590e+00, -2.3848e+00,  1.0000e+01, -1.8652e+00],
          [ 7.9727e+00,  4.2109e+00, -6.4414e+00, -4.1562e+00, -5.9961e-01,  3.7188e+00],
          [ 6.2227e+00,  4.3789e+00,  4.4062e+01, -2.3789e+00,  4.2407e-01,  2.7172e+01],
          ...,
          [ 1.1953e+00,  2.1047e+01,  1.0328e+04,  1.0602e+01,  2.3770e+00, -1.5391e+01],
          [-4.6875e+00,  6.5352e+00,  1.3664e+01, -1.0977e+01,  8.4141e+00, -3.4648e+00],
          [-2.1367e+00, -1.8535e+00, -2.0609e+01,  5.5898e+00, -2.1562e+01, -1.1477e+01]],

         [[ 1.5723e+00, -3.4025e+02, -8.0312e+00, -3.3926e+00,  3.6816e-01,  2.5088e+02],
          [-1.6469e+01,  5.6797e+00,  7.1602e+00,  9.9375e+00, -1.4414e+00, -3.1582e+00],
          [-6.3379e-01, -9.8047e-01,  1.1219e+01, -2.7852e+00, -2.5527e+00,  2.4297e+00],
          ...,
          [-7.1602e+00, -9.0312e+00,  3.2375e+01, -1.3789e+00, -7.6062e+01, -4.0000e+01],
          [-7.7332e-02,  4.8656e+01,  3.5098e+00, -6.6406e+00, -8.7812e+00, -9.5781e+00],
          [-4.9570e+00, -2.5801e+00, -1.6279e+00, -1.0977e+01,  1.1625e+02,  5.1709e-01]]],


        [[[-2.1250e+00,  9.3516e+00,  1.0898e+00,  1.6914e+00, -3.9980e+00,  1.0742e+00],
          [ 2.0430e+00,  1.6141e+01,  1.1414e+01,  7.8984e+00, -2.5254e+00, -7.7852e+00],
          [-6.4648e-01, -2.4531e+01, -3.2188e+01, -3.0332e+00, -5.7422e+00,  2.2125e+01],
          ...,
          [-1.1844e+01,  3.0891e+01,  7.2930e+00,  1.2945e+01, -3.0719e+01,  1.3535e+00],
          [ 2.3555e+00, -1.2438e+01,  2.4414e+00,  3.9023e+00, -1.1719e+00, -6.4297e+00],
          [ 1.8625e+01, -1.0461e+01,  2.1212e+02, -1.3725e+02,  9.8535e-01,  3.6387e+00]],

         [[-2.7219e+01,  1.2900e+00,  8.2666e-01, -1.8848e+00,  4.0078e+00,  6.5117e+00],
          [ 7.1680e-01,  4.2383e-01, -1.6016e+01, -1.1883e+01, -2.8926e+00, -5.1836e+00],
          [-2.2400e+03, -7.1750e+01,  3.0703e+01,  3.5975e+02,  3.4922e+00, -9.5250e+01],
          ...,
          [-7.4312e+01, -8.9375e+01,  1.5234e+00, -9.7290e-02,  1.4893e+00,  3.2969e+00],
          [-3.8469e+01, -5.0352e+00, -2.0039e+00, -1.4836e+01, -5.9688e+00,  6.7383e+00],
          [-2.5215e+00,  6.3672e-01,  3.0059e+00, -2.5000e+00,  2.0219e+01,  4.5906e+01]],

         [[ 1.0610e+03, -2.4316e+00, -1.1865e+00, -9.8584e-01,  1.2431e+02, -2.4570e+00],
          [ 1.3086e+01, -2.8125e+02,  4.1900e+02, -4.7969e+00,  1.8066e+00, -2.4961e+00],
          [        inf, -8.0859e+00, -2.1362e-01, -4.0698e-01,  1.2641e+01,  1.1875e+00],
          ...,
          [ 3.7129e+00,  5.4141e+00,  6.1602e+00,  2.4695e-01, -1.6484e+00, -1.1182e+00],
          [ 1.8656e+01, -1.1525e+02, -1.1644e+02,  2.3965e+00,  6.6312e+01,  1.0350e+02],
          [ 5.8545e-01, -2.4234e+01,  9.6631e-01,  1.5254e+00, -4.0703e+00, -3.3008e-01]],

         [[ 9.4543e-02,  2.8770e+00,  1.1141e+01,  4.5508e+00,  1.3398e+00,  2.9727e+00],
          [-1.7236e+00, -3.3594e+00, -1.2644e+02, -1.3412e+02, -1.2432e+00,  8.9062e-01],
          [ 9.4219e+00,  2.6367e+00, -2.9023e+00,  1.4086e+01,  3.0645e+00,  7.9248e-01],
          ...,
          [-2.6074e+00, -2.5078e+00,  2.5297e+01,  5.7305e+00,  2.9219e+00, -7.0664e+00],
          [-2.2188e+00,  3.7832e+00,  2.6188e+01, -1.7984e+01, -5.5117e+00,  1.5141e+01],
          [ 1.3926e+00,  8.5625e+00,  1.6064e+00, -1.3477e+00, -3.9336e+00,  4.5938e+00]],

         [[ 8.7625e+01,  1.8547e+01,  1.8481e-01,  3.7988e+00,  5.2062e+01, -2.4844e+00],
          [ 1.0236e-01, -2.4023e+00,  4.8320e+00,  1.3892e-01,  6.5781e+00,  1.9170e+00],
          [ 3.2441e+00, -1.7354e+00, -1.9360e-01,  3.3770e+00, -2.3285e-02,  4.2188e+00],
          ...,
          [ 2.1914e+00, -1.2922e+01,  1.2334e+00, -2.6719e+00,  9.4177e-02, -3.8164e+00],
          [-1.4307e-01, -1.1494e+00,  9.7607e-01,  4.3203e+00, -2.5719e+01,  8.7939e-01],
          [ 8.4609e+00, -5.3711e+00, -3.4609e+00,  9.5781e+00, -5.1211e+00,  1.2344e+00]],

         [[ 2.5453e+01,  3.7329e-01, -8.7188e+00,  6.2422e+00,  5.6250e+00, -3.4473e+00],
          [ 1.9473e+00,  3.1922e+01,  2.1016e+00,  2.5410e+00, -5.3281e+00,  9.2500e+00],
          [ 1.3369e+00,  4.3300e+02, -7.3438e+00,  8.6500e+01,  6.3945e+00,  5.4609e+00],
          ...,
          [-4.8633e-01, -6.0547e-01, -3.3906e+00, -1.6290e+03, -2.7695e+00, -3.1035e+00],
          [ 4.4297e+00,  3.5332e+00, -4.1406e+00, -1.8344e+01,  5.4156e+01, -1.1973e+00],
          [ 2.3496e+00, -2.5986e-02,  2.5781e+00, -8.8594e+00,  1.5850e+00,  3.6987e-02]]],


        [[[ 1.7510e+00, -1.5602e+01, -6.4438e+01, -5.6350e+02, -4.2617e+00,  1.3310e+03],
          [ 2.8359e+00,  3.8203e+00, -5.3174e-01, -6.0195e+00, -9.9550e+02, -1.7686e+00],
          [-8.0420e-01, -1.1414e+01,  2.3834e-02,  6.6172e+00,  4.4100e+02,  7.7393e-01],
          ...,
          [ 3.0156e+00,  3.6938e+01,  1.4277e+00, -2.5645e+00, -1.5711e+01, -1.2766e+01],
          [ 3.5273e+00,  4.8100e+02,  1.6625e+01,  8.2227e-01, -1.4795e+00,  6.4500e+02],
          [-1.0633e+01,  2.4023e+00,  2.4648e+00, -2.1250e+00,  7.9297e-01,  4.5664e+00]],

         [[-6.3164e+00,  2.8828e+00, -1.8145e+00,  2.4750e+01,  1.5250e+01, -2.2676e+00],
          [ 1.1883e+01,  2.3789e+00, -7.8000e+01, -1.4711e+01,  2.4047e+01,  5.6992e+00],
          [-8.6484e+00, -1.6211e+00, -9.0137e-01, -1.0148e+01, -1.2195e+01,  5.2891e+00],
          ...,
          [-1.9824e+00, -1.1689e+00,  3.5371e+00,  5.5000e+00,  1.3289e+01, -4.4688e+00],
          [-3.2520e+00,  5.1445e+00, -5.8301e-01,  1.1680e+00, -2.7578e+00,  7.1953e+00],
          [ 1.5537e+00, -5.0600e+02, -8.4375e+00, -1.7129e+00, -7.6758e-01, -1.4828e+01]],

         [[-1.4873e+00, -1.8091e-01,  6.0273e+00, -1.1143e+00, -2.8633e+00,  2.0109e+01],
          [-8.2734e+00, -1.9766e+00,  3.6777e+00,  4.5273e+00, -5.8281e+00, -1.6345e-01],
          [-5.4969e+01, -5.0438e+01, -7.6758e+00,  9.8594e+00, -3.1547e+01, -1.2656e+00],
          ...,
          [ 1.1750e+01,  4.1523e+00,  2.5410e+00,  3.2207e+00, -4.5475e+02,  1.2148e+00],
          [-1.9609e+00,  3.6304e-01, -5.0273e+00, -9.5215e-01,  1.7529e+00, -5.2891e+00],
          [-1.0312e+01,  1.2988e+00,  3.2598e+00,  1.7312e+01, -3.6890e-01, -2.6035e+00]],

         [[-4.4258e+00, -1.8691e+00,  7.5117e+00, -2.6094e+00,  3.2375e+01,  3.6523e+00],
          [ 1.5322e+00, -3.2344e+00, -5.3076e-01, -7.7637e-01,  1.8115e+00, -8.1562e+00],
          [-2.4648e+00, -4.4375e+00, -3.5332e+00,  2.2520e+00,  2.9199e+00,  2.7930e+00],
          ...,
          [ 3.6855e+00, -5.5820e+00,  1.8574e+00, -3.3252e-01,  6.5625e+00, -2.1797e+01],
          [ 2.4727e+00,  7.7695e+00, -2.3711e+00,  6.8164e-01,  6.7250e+01,  2.4727e+00],
          [-2.4219e+01,  8.6279e-01,  5.7188e+00,  1.8047e+00,  1.7358e-01, -1.9156e+01]],

         [[-2.2402e+00, -5.0600e+02,  4.5520e+03, -1.7549e+00,  8.9014e-01, -3.3555e+00],
          [ 5.6445e+00,  2.1289e+00, -1.4602e+01, -2.9883e+00,  2.3301e+00,  2.7676e+00],
          [-2.2383e+00,  3.3375e+01, -5.0078e+00, -8.9844e-01,  4.1914e+00,  1.2273e+01],
          ...,
          [ 5.1758e+00, -2.1045e-01,  1.6562e+02, -2.8496e+00,  5.6400e+02,  1.7842e+00],
          [-8.9453e-01, -3.0859e-01, -8.0812e+01, -3.1359e+01, -9.0430e-01, -2.2064e+04],
          [ 7.8633e+00, -3.8984e+00,  2.8555e+00, -9.1748e-01,        -inf,  4.2375e+01]],

         [[-2.8164e+00,  1.4070e+01, -3.9893e-01, -8.8281e-01, -8.4297e+00,  2.2734e+00],
          [-1.0750e+02, -1.1709e+00, -3.0664e+00, -3.0254e+00, -9.0850e+02, -4.4258e+00],
          [-3.4199e+00, -4.2539e+00, -1.7219e+01,  1.0453e+01, -7.6641e+00, -1.5400e+00],
          ...,
          [ 4.2695e+00, -4.9492e+00, -1.2969e+00, -3.3691e+00,  2.6344e+01, -1.9588e+02],
          [-1.0956e+02,  6.4550e+02, -1.5710e+03, -8.9844e+00, -4.9883e+00,  1.3850e+02],
          [-5.7578e+00,  1.4570e+00, -5.5176e-01, -5.8633e+00,  2.2681e-01, -8.4297e+00]]],


        [[[-1.9023e+00, -2.2207e+00,  1.4385e+00,  3.2461e+00, -3.0953e+01, -3.9609e+00],
          [ 2.1812e+01,  2.5996e+00, -2.8750e+00,  2.6484e+00,  1.8047e+00,  2.9883e+00],
          [ 1.0869e+00, -2.5879e+00, -1.1562e+01,  4.7656e+00,  1.2453e+01, -1.8965e+00],
          ...,
          [ 4.1875e+00,  2.0020e+00, -4.1625e+02, -2.5957e+00, -6.7734e+00, -1.3012e+02],
          [-1.2356e+02,  4.2562e+01,  3.0195e+00,  2.7969e+00, -6.1211e+00,  4.4719e+01],
          [-1.5566e+00,  3.9160e+00,  3.5430e+00, -7.9188e+01, -1.6234e+01, -4.4805e+00]],

         [[-4.1688e+01,  6.5562e+01, -2.4594e+01,  3.3203e+00,  5.9656e+01,  2.2850e+02],
          [-4.4688e+00, -6.1055e+00,  4.7812e+00, -4.5742e+00, -1.9434e-01,  9.7266e+00],
          [ 1.5344e-01, -1.7598e+00,  5.4883e+00, -5.8350e+02,  8.1350e+02,  3.1621e+00],
          ...,
          [-2.0898e+00, -3.5312e+00, -1.8031e+01,  9.0312e+00,  1.7139e+00,  9.9125e+01],
          [ 2.6538e-01,  3.6156e+01, -2.2402e+00,  1.9641e+01, -2.0703e+00,  5.5195e+00],
          [ 4.0062e+01, -4.5752e-01,  6.5137e-01, -2.3172e+01,  9.3213e-01,  2.8613e+00]],

         [[ 5.6050e+02,  6.7041e-01, -1.7984e+01,  2.0750e+01,  5.0500e+02, -5.7852e+00],
          [ 2.0176e+00,  2.1812e+01,  3.4102e+00,  1.3994e+00, -1.9409e-02,  3.0703e+00],
          [ 2.3875e+01, -3.5684e+00, -4.2656e+01,  6.1812e+01, -2.4473e+00,  3.6031e+01],
          ...,
          [ 2.3412e+02, -6.2375e+01,  1.3105e+00, -9.2236e-01, -5.0500e+01, -4.1758e+00],
          [-5.5469e+00,  3.5352e+00,  7.4365e-01,  1.4355e+00, -5.9766e+00, -8.6094e+00],
          [-2.5996e+00,  4.0781e+00,  3.6250e+00, -5.3625e+01, -1.3550e+03,  2.8938e+01]],

         [[-7.3086e+00,  2.9109e+01,         inf, -5.5859e+00, -1.2842e+00, -2.9834e-01],
          [ 4.2798e-01,  7.5820e+00, -1.9219e+01, -3.4023e+00, -2.3125e+01, -5.7520e-01],
          [-4.6836e+00,  2.6147e-01,  1.5664e+00,  2.0781e+00, -4.0664e+00, -1.3875e+02],
          ...,
          [ 3.7715e+00, -1.8054e-01, -2.9625e+01,         inf, -2.2031e+00, -5.6328e+00],
          [-3.6445e+00, -5.1680e+00,  2.8770e+00,  1.0586e+01, -3.0703e+01, -1.9734e+01],
          [ 4.4414e+00, -1.6133e+00, -2.4902e+00,  1.3367e+01, -2.3242e+00,  1.6250e+01]],

         [[-8.1094e+00,  4.1484e+00, -1.2875e+01,  4.3312e+01, -5.9033e-01,  4.8950e+02],
          [-6.9961e+00, -9.6484e-01, -7.2000e+01,  1.5117e+00,  2.5176e+00, -3.6328e+00],
          [-4.8867e+00,  1.8350e+00, -1.2195e+01, -5.2656e+00,  2.1895e+00,  2.5059e+00],
          ...,
          [-2.7578e+01, -3.1780e+03, -1.0557e+00,  2.8164e+00, -4.6650e+02, -2.9969e+01],
          [-4.8462e-01,  8.9688e+00, -3.3984e+00,  2.8926e+00, -4.9375e+00, -6.9961e+00],
          [-3.1289e+00, -7.1777e-01,  1.4111e+00,  2.5996e+00, -1.0180e+01,  3.9938e+01]],

         [[-2.2522e-01,  6.4941e-01,  1.5138e+02,  1.2676e+00,  3.1523e+00,  8.4219e+00],
          [-3.6328e-01,  4.0039e+00,  6.4250e+02,  8.8000e+01, -1.5439e+00,  1.0516e+01],
          [ 5.3711e+00, -2.6400e+02, -3.3555e+00, -3.7000e+01, -2.0820e+00,  4.1523e+00],
          ...,
          [-1.8252e+00, -6.1621e-01,  2.4590e+00,  2.3203e+00, -1.4288e+02,  7.2050e+02],
          [-3.8312e+01,  6.6553e-01, -4.9883e+00, -2.6797e+01, -1.0844e+01,  1.8738e-01],
          [-2.2815e-01,  3.7227e+00,  2.1375e+01,  2.2656e+00,  2.9453e+00,  6.1484e+00]]]], dtype=torch.float16)




=================测试开始======================测试开始====================测试开始=========================测试开始====================测试开始========================测试开始=================================
CUDA_VISIBLE_DEVICES:5
test begin: paddle.digamma(Tensor([10, 42949673, 10],"float16"), )
CUDA out of memory. Tried to allocate 8.00 GiB. GPU 0 has a total capacity of 79.18 GiB of which 6.07 GiB is free. Process 22679 has 55.48 GiB memory in use. Process 56337 has 17.63 GiB memory in use. Of the allocated memory 16.00 GiB is allocated by PyTorch, and 4.00 MiB is reserved by PyTorch but unallocated. If reserved but unallocated memory is large try setting PYTORCH_CUDA_ALLOC_CONF=expandable_segments:True to avoid fragmentation.  See documentation for Memory Management  (https://pytorch.org/docs/stable/notes/cuda.html#environment-variables)
Traceback (most recent call last):
  File "/home/fanxiangyu/PaddleAPITest/engine.py", line 188, in <module>
    main()
  File "/home/fanxiangyu/PaddleAPITest/engine.py", line 129, in main
    case.test()
  File "/home/fanxiangyu/PaddleAPITest/tester/accuracy.py", line 149, in test
    raise err
  File "/home/fanxiangyu/PaddleAPITest/tester/accuracy.py", line 135, in test
    result_outputs, result_outputs_grads = self.gen_torch_output_and_output_grad(torch_output)
  File "/home/fanxiangyu/PaddleAPITest/tester/base.py", line 1134, in gen_torch_output_and_output_grad
    result_output_grad = torch.tensor(
  File "/home/fanxiangyu/env3.10/lib/python3.10/site-packages/torch/utils/_device.py", line 104, in __torch_function__
    return func(*args, **kwargs)
torch.OutOfMemoryError: CUDA out of memory. Tried to allocate 8.00 GiB. GPU 0 has a total capacity of 79.18 GiB of which 6.07 GiB is free. Process 22679 has 55.48 GiB memory in use. Process 56337 has 17.63 GiB memory in use. Of the allocated memory 16.00 GiB is allocated by PyTorch, and 4.00 MiB is reserved by PyTorch but unallocated. If reserved but unallocated memory is large try setting PYTORCH_CUDA_ALLOC_CONF=expandable_segments:True to avoid fragmentation.  See documentation for Memory Management  (https://pytorch.org/docs/stable/notes/cuda.html#environment-variables)




=================测试开始======================测试开始====================测试开始=========================测试开始====================测试开始========================测试开始=================================
CUDA_VISIBLE_DEVICES:2
test begin: paddle.digamma(Tensor([10, 42949673, 10],"float16"), )
W0723 18:20:17.982149 119735 gpu_resources.cc:114] Please NOTE: device: 0, GPU Compute Capability: 8.0, Driver API Version: 12.0, Runtime API Version: 11.8
[accuracy error] backward  paddle.digamma(Tensor([10, 42949673, 10],"float16"), ) 
 Not equal to tolerance rtol=0.01, atol=0.01
Tensor-likes are not close!

Mismatched elements: 17750089 / 4294967300 (0.4%)
Greatest absolute difference: nan at index (1, 8084112, 7) (up to 0.01 allowed)
Greatest relative difference: nan at index (0, 14, 2) (up to 0.01 allowed)
ACTUAL: (shape=torch.Size([10, 42949673, 10]), dtype=torch.float16)
tensor([[[ 5.7109e+00, -1.1309e+00,  5.3633e+00,  ..., -1.2686e+00, -3.4656e+01, -7.3203e+00],
         [ 4.1719e+00,  2.4922e+00, -4.8711e+00,  ...,  3.0250e+02, -6.5875e+01,  2.6562e+00],
         [-1.6078e+01,  3.3066e+00,  6.7773e+00,  ...,  1.1890e+03,  5.6000e+01, -1.7783e+00],
         ...,
         [ 8.4188e+01,  1.4734e+01,  2.0664e+00,  ...,  2.6445e+00, -9.8350e+02, -1.1543e+00],
         [ 1.6641e+00, -2.6445e+00,  4.3320e+00,  ...,  3.6844e+01, -2.1191e+00,  5.1850e+02],
         [-1.6436e+00, -1.7922e+01,  8.6406e+00,  ...,  4.9062e+01, -2.3398e+00,  1.4162e+02]],

        [[-3.9960e+03,  9.3555e-01, -1.1973e+00,  ...,  5.3945e+00, -5.0219e+01,  5.2783e-01],
         [ 6.0352e-01,  9.4938e+01, -2.1133e+00,  ...,  8.0547e+00,  3.4238e+00,  4.8945e+00],
         [ 2.7246e+00, -1.8486e+00, -5.1094e+00,  ..., -1.4875e+01, -3.3203e+00, -4.6367e+00],
         ...,
         [ 2.5723e+00,  6.3938e+01, -2.0605e+00,  ...,  1.1844e+01, -2.8300e+02, -5.6580e-02],
         [ 1.1594e+01, -1.1104e+00, -7.4180e+00,  ..., -5.8301e-01,  1.3080e+03, -1.3457e+00],
         [-1.1359e+01,  7.3633e+00, -4.2344e+00,  ..., -3.3828e+00, -4.1133e+00, -2.6602e+00]],

        [[ 3.5254e+00, -1.7275e+00, -1.6400e+03,  ..., -2.9980e+00, -6.3344e+01,  1.5576e+00],
         [ 6.9727e+00, -4.5386e-01,  2.0238e+02,  ...,  3.7594e+01,  1.3875e+01,  9.0078e+00],
         [-7.3555e+00, -3.3867e+00, -8.0957e-01,  ...,  8.8916e-01,  1.2281e+01,  1.5195e+00],
         ...,
         [ 7.6514e-01,  2.7734e+00,  1.3457e+00,  ...,  1.8496e+00, -4.7290e-01, -1.1523e+00],
         [-9.6094e+00,  3.1211e+00,  2.9375e+00,  ...,  1.2500e+02,  7.1719e+00,  2.2500e+01],
         [-8.7891e-01,  4.4971e-01,  1.0068e+00,  ...,  4.4609e+00,  2.0078e+00,  4.3175e+02]],

        ...,

        [[-2.4578e+01,  2.0328e+01,  1.0742e+01,  ...,  1.0758e+01,  4.1484e+00,  4.3516e+00],
         [ 7.9346e-01, -2.5293e+00,  1.9219e+00,  ...,  6.0594e+01, -5.0273e+00,  3.5352e+00],
         [ 1.6240e+04, -8.2656e+00,  1.4469e+01,  ...,  1.3070e+01,  2.4648e+00, -6.9180e+00],
         ...,
         [-2.3105e+00, -3.7817e-01,  1.5742e+00,  ...,  6.5117e+00, -2.0547e+00,  1.4940e+03],
         [ 7.9023e+00,  9.3213e-01, -7.2021e-01,  ...,  6.6250e+00,  3.0127e-01, -6.7062e+01],
         [ 1.2168e+00,  2.7324e+00,  1.9594e+01,  ...,  4.9180e+00, -2.0891e+01,  1.3633e+00]],

        [[-2.2637e+00,  3.8625e+01,  3.6074e+00,  ..., -1.6797e+00, -2.2578e+00,  5.8398e+00],
         [-1.4463e+00, -8.8281e+00, -1.5459e+00,  ..., -5.3345e-02,  7.3877e-01,  5.9375e+00],
         [-4.6240e-01,  2.5775e+02,  4.4531e+00,  ..., -2.4395e+00, -1.8125e+00,  3.8984e+00],
         ...,
         [ 9.2090e-01, -8.7969e+00,  4.4562e+01,  ...,  7.7438e+01, -1.4912e+00,  3.5488e+00],
         [ 8.2160e+03, -2.0801e+00,  2.0781e+00,  ...,  2.2144e-01,  1.2141e+01,  6.5188e+01],
         [ 3.2734e+00,  3.6660e+00,  2.8128e+04,  ..., -2.7871e+00, -3.4414e+00, -2.7531e+01]],

        [[ 2.4629e+00,  5.4700e+02, -2.8500e+02,  ..., -6.3800e+02, -4.2852e+00,  1.3955e+00],
         [ 2.0425e+02, -3.1660e+00, -1.5062e+02,  ..., -1.9840e+04,  6.3828e+00, -2.1797e+00],
         [ 7.7227e+00, -1.8188e+01, -7.9688e-01,  ...,  6.4375e+01, -1.8531e+01, -2.1992e+00],
         ...,
         [ 7.6719e+00,  9.1357e-01, -3.6438e+01,  ...,  1.4453e+00,  2.9594e+01, -3.8398e+00],
         [ 2.8350e+02, -4.2695e+00,  3.4825e+02,  ...,  3.4727e+00, -1.2844e+01,  2.4727e+00],
         [ 4.5625e+00, -1.5922e+01, -2.3766e+01,  ..., -2.1328e+00, -1.5254e+00, -1.6367e+00]]], dtype=torch.float16)
DESIRED: (shape=torch.Size([10, 42949673, 10]), dtype=torch.float16)
tensor([[[ 5.7070e+00, -1.1309e+00,  5.3633e+00,  ..., -1.2686e+00, -3.4656e+01, -7.3203e+00],
         [ 4.1758e+00,  2.4922e+00, -4.8711e+00,  ...,  3.0250e+02, -6.5875e+01,  2.6562e+00],
         [-1.6078e+01,  3.3066e+00,  6.7773e+00,  ...,  1.1890e+03,  5.6000e+01, -1.7793e+00],
         ...,
         [ 8.4188e+01,  1.4734e+01,  2.0664e+00,  ...,  2.6426e+00, -9.8350e+02, -1.1533e+00],
         [ 1.6631e+00, -2.6445e+00,  4.3320e+00,  ...,  3.6844e+01, -2.1191e+00,  5.1850e+02],
         [-1.6436e+00, -1.7922e+01,  8.6406e+00,  ...,  4.9062e+01, -2.3398e+00,  1.4162e+02]],

        [[-3.9960e+03,  9.3555e-01, -1.1973e+00,  ...,  5.3945e+00, -5.0219e+01,  5.2734e-01],
         [ 6.0352e-01,  9.4938e+01, -2.1133e+00,  ...,  8.0547e+00,  3.4238e+00,  4.8945e+00],
         [ 2.7227e+00, -1.8496e+00, -5.1094e+00,  ..., -1.4867e+01, -3.3203e+00, -4.6367e+00],
         ...,
         [ 2.5723e+00,  6.3938e+01, -2.0605e+00,  ...,  1.1844e+01, -2.8300e+02, -5.6610e-02],
         [ 1.1602e+01, -1.1094e+00, -7.4141e+00,  ..., -5.8301e-01,  1.3080e+03, -1.3457e+00],
         [-1.1359e+01,  7.3633e+00, -4.2344e+00,  ..., -3.3828e+00, -4.1133e+00, -2.6602e+00]],

        [[ 3.5254e+00, -1.7275e+00, -1.6400e+03,  ..., -2.9980e+00, -6.3312e+01,  1.5576e+00],
         [ 6.9727e+00, -4.5386e-01,  2.0250e+02,  ...,  3.7594e+01,  1.3875e+01,  9.0078e+00],
         [-7.3555e+00, -3.3848e+00, -8.0957e-01,  ...,  8.8867e-01,  1.2281e+01,  1.5195e+00],
         ...,
         [ 7.6562e-01,  2.7734e+00,  1.3457e+00,  ...,  1.8506e+00, -4.7290e-01, -1.1523e+00],
         [-9.6094e+00,  3.1191e+00,  2.9375e+00,  ...,  1.2506e+02,  7.1719e+00,  2.2500e+01],
         [-8.7939e-01,  4.4971e-01,  1.0068e+00,  ...,  4.4609e+00,  2.0078e+00,  4.3175e+02]],

        ...,

        [[-2.4578e+01,  2.0312e+01,  1.0742e+01,  ...,  1.0766e+01,  4.1484e+00,  4.3516e+00],
         [ 7.9346e-01, -2.5293e+00,  1.9209e+00,  ...,  6.0594e+01, -5.0273e+00,  3.5352e+00],
         [ 1.6240e+04, -8.2656e+00,  1.4469e+01,  ...,  1.3070e+01,  2.4648e+00, -6.9180e+00],
         ...,
         [-2.3105e+00, -3.7817e-01,  1.5732e+00,  ...,  6.5117e+00, -2.0547e+00,  1.4940e+03],
         [ 7.9023e+00,  9.3213e-01, -7.2070e-01,  ...,  6.6250e+00,  3.0127e-01, -6.7062e+01],
         [ 1.2168e+00,  2.7344e+00,  1.9594e+01,  ...,  4.9180e+00, -2.0891e+01,  1.3633e+00]],

        [[-2.2637e+00,  3.8625e+01,  3.6074e+00,  ..., -1.6797e+00, -2.2578e+00,  5.8398e+00],
         [-1.4463e+00, -8.8281e+00, -1.5469e+00,  ..., -5.3314e-02,  7.3877e-01,  5.9375e+00],
         [-4.6216e-01,  2.5775e+02,  4.4531e+00,  ..., -2.4414e+00, -1.8135e+00,  3.8984e+00],
         ...,
         [ 9.2090e-01, -8.7969e+00,  4.4562e+01,  ...,  7.7375e+01, -1.4912e+00,  3.5488e+00],
         [ 8.2160e+03, -2.0801e+00,  2.0801e+00,  ...,  2.2156e-01,  1.2141e+01,  6.5125e+01],
         [ 3.2734e+00,  3.6660e+00,         inf,  ..., -2.7871e+00, -3.4414e+00, -2.7547e+01]],

        [[ 2.4648e+00,  5.4700e+02, -2.8500e+02,  ..., -6.3750e+02, -4.2852e+00,  1.3955e+00],
         [ 2.0425e+02, -3.1641e+00, -1.5050e+02,  ..., -1.9840e+04,  6.3867e+00, -2.1797e+00],
         [ 7.7188e+00, -1.8188e+01, -7.9736e-01,  ...,  6.4375e+01, -1.8547e+01, -2.1992e+00],
         ...,
         [ 7.6719e+00,  9.1357e-01, -3.6438e+01,  ...,  1.4443e+00,  2.9594e+01, -3.8418e+00],
         [ 2.8350e+02, -4.2695e+00,  3.4850e+02,  ...,  3.4727e+00, -1.2844e+01,  2.4746e+00],
         [ 4.5586e+00, -1.5922e+01, -2.3766e+01,  ..., -2.1348e+00, -1.5244e+00, -1.6367e+00]]], dtype=torch.float16)





=================测试开始======================测试开始====================测试开始=========================测试开始====================测试开始========================测试开始=================================
CUDA_VISIBLE_DEVICES:2
test begin: paddle.digamma(Tensor([10, 21474837, 10],"float16"), )
W0723 18:35:14.842607 134663 gpu_resources.cc:114] Please NOTE: device: 0, GPU Compute Capability: 8.0, Driver API Version: 12.0, Runtime API Version: 11.8
[accuracy error] backward  paddle.digamma(Tensor([10, 21474837, 10],"float16"), ) 
 Not equal to tolerance rtol=0.01, atol=0.01
Tensor-likes are not close!

Mismatched elements: 8874691 / 2147483700 (0.4%)
Greatest absolute difference: inf at index (0, 14, 2) (up to 0.01 allowed)
Greatest relative difference: nan at index (0, 14, 2) (up to 0.01 allowed)
ACTUAL: (shape=torch.Size([10, 21474837, 10]), dtype=torch.float16)
tensor([[[-2.3578e+01, -1.1641e+00, -7.6367e+00,  ..., -1.6914e+00, -4.8250e+01, -4.8359e+00],
         [ 1.9043e-01,  7.1729e-01, -1.1396e+00,  ...,  1.1488e+02, -7.8438e+01, -1.0930e+01],
         [ 5.0898e+00, -1.3647e-01,  6.5088e-01,  ..., -1.4500e+03,  5.0969e+01,  2.4688e+00],
         ...,
         [ 2.4297e+00,  3.8379e+00,  2.6172e-01,  ..., -6.6484e+00,  3.0786e-01,  1.1141e+01],
         [ 2.5918e+00, -4.2695e+00, -1.2148e+01,  ...,  3.1328e+00,  3.7550e+02,  4.2383e+00],
         [-5.3984e+00,  2.2500e+01, -1.1104e+00,  ..., -3.0059e+00, -7.5391e+00,  7.4375e+01]],

        [[-1.1273e+01, -1.3062e+01, -8.6641e+00,  ..., -2.3438e+00,  8.6641e+00, -1.0859e+00],
         [ 2.0338e+02,  4.9805e+00,  6.8750e-01,  ...,  5.6656e+01,  4.8789e+00,  1.0273e+00],
         [ 8.1982e-01,  9.8359e+00,  4.2461e+00,  ...,  1.9736e+00, -7.2773e+00, -4.1562e+00],
         ...,
         [-1.1934e+00,  3.3375e+01,  8.9453e-01,  ...,  1.8328e+01,  7.7930e+00,  3.3925e+02],
         [-8.5352e-01,  1.3789e+01,  1.1125e+01,  ..., -7.4438e+01,  1.2998e+00,  5.2562e+01],
         [ 2.8420e+03,  4.7227e+00, -2.0000e+00,  ..., -5.1562e+00, -2.8891e+01, -4.4336e+00]],

        [[-2.8027e+00,  1.4586e+01,  1.4725e-03,  ...,  4.0938e+00, -6.4141e+00, -3.2637e+00],
         [-1.3757e-01, -5.6992e+00,  7.6953e-01,  ..., -4.7461e+00, -1.2910e+00,  2.2156e+01],
         [-2.6359e+01, -4.2148e+00,  1.0850e+00,  ..., -1.4785e+00,  1.0901e-01,  4.1797e+00],
         ...,
         [ 7.7051e-01, -2.8297e+01, -7.4570e+00,  ..., -3.1396e-01,  5.2688e+01,  3.6543e+00],
         [ 5.4031e+01,  1.5977e+00,  3.4688e+01,  ..., -1.5609e+01, -6.1875e+00,  4.2812e+00],
         [-6.8115e-01,  5.7461e+00,  2.2285e+00,  ...,  2.4500e+03,  1.5381e+00,  1.0576e+00]],

        ...,

        [[-1.6056e+04, -1.0320e+01,  2.3027e+00,  ..., -5.7178e-01,  6.6992e+00,  3.5132e-01],
         [-3.7750e+02, -1.4000e+01,  2.3828e+00,  ..., -1.4461e+01, -7.8438e+00,  2.1250e+00],
         [ 6.5562e+01, -2.2000e+01,  4.5000e+03,  ..., -1.2406e+01, -1.8281e+00,  1.6930e+03],
         ...,
         [ 2.3379e+00,  4.2656e+00, -2.2266e+00,  ...,  4.2781e+01, -6.2109e-01,  7.1436e-01],
         [-6.8312e+01, -2.2383e+00,  1.1109e+01,  ..., -2.2695e+00,  1.4195e+01,  4.2656e+00],
         [-1.1312e+01,  4.0898e+00, -9.8828e+00,  ..., -2.4172e+01,  3.6377e-01,  7.2510e-01]],

        [[-1.6328e+00, -4.0430e+00, -1.9199e+00,  ...,         inf,  1.2297e+01,  3.3281e+00],
         [-1.8145e+00, -4.1133e+00, -4.5435e-01,  ..., -2.0000e+02,  1.2602e+01,  6.4414e+00],
         [-5.4062e+00, -3.9258e+00,  4.5605e-01,  ...,  2.4625e+01,  1.1344e+01, -1.0303e+00],
         ...,
         [ 5.2375e+01, -5.5039e+00,  3.4844e+00,  ..., -4.6406e+00, -7.9141e+00, -2.9109e+01],
         [-3.5430e+00,  3.3574e+00, -1.4445e+01,  ...,  7.5586e+00,  5.6719e+00,  1.9834e+00],
         [-3.0420e-01, -9.4609e+00, -2.1465e+00,  ...,  7.5000e+00, -1.2828e+01,  1.0531e+01]],

        [[ 2.8301e+00, -7.9395e-01, -2.3424e+04,  ...,  3.1328e+00, -3.5742e+00, -2.0656e+04],
         [-2.7672e+01, -2.1875e+01,  1.9750e+01,  ...,  1.9873e+00,  2.5000e+00,  2.7734e+00],
         [ 2.1387e+00, -1.6182e+00,  1.9775e+00,  ..., -1.1143e+00, -8.0312e+00, -2.5734e+01],
         ...,
         [-4.0000e+00, -4.4000e+01, -1.3281e+01,  ..., -1.1074e+00,  1.6719e+01, -1.3977e+01],
         [-5.0049e-02, -4.2344e+01, -2.6270e+00,  ...,  9.0137e-01,  5.4344e+01,  7.5664e+00],
         [-2.8555e+00,  4.7188e+01, -1.6338e+00,  ..., -6.2800e+03, -1.7984e+04, -6.9000e+01]]], dtype=torch.float16)
DESIRED: (shape=torch.Size([10, 21474837, 10]), dtype=torch.float16)
tensor([[[-2.3578e+01, -1.1641e+00, -7.6367e+00,  ..., -1.6914e+00, -4.8250e+01, -4.8359e+00],
         [ 1.9043e-01,  7.1729e-01, -1.1396e+00,  ...,  1.1488e+02, -7.8438e+01, -1.0922e+01],
         [ 5.0938e+00, -1.3647e-01,  6.5088e-01,  ..., -1.4500e+03,  5.0969e+01,  2.4688e+00],
         ...,
         [ 2.4297e+00,  3.8359e+00,  2.6147e-01,  ..., -6.6484e+00,  3.0786e-01,  1.1141e+01],
         [ 2.5918e+00, -4.2695e+00, -1.2148e+01,  ...,  3.1348e+00,  3.7550e+02,  4.2383e+00],
         [-5.3984e+00,  2.2500e+01, -1.1104e+00,  ..., -3.0039e+00, -7.5430e+00,  7.4375e+01]],

        [[-1.1273e+01, -1.3055e+01, -8.6641e+00,  ..., -2.3457e+00,  8.6641e+00, -1.0850e+00],
         [ 2.0338e+02,  4.9805e+00,  6.8750e-01,  ...,  5.6625e+01,  4.8789e+00,  1.0273e+00],
         [ 8.1982e-01,  9.8359e+00,  4.2461e+00,  ...,  1.9736e+00, -7.2773e+00, -4.1562e+00],
         ...,
         [-1.1934e+00,  3.3375e+01,  8.9453e-01,  ...,  1.8328e+01,  7.7930e+00,  3.3950e+02],
         [-8.5352e-01,  1.3789e+01,  1.1125e+01,  ..., -7.4438e+01,  1.2998e+00,  5.2594e+01],
         [ 2.8420e+03,  4.7227e+00, -2.0000e+00,  ..., -5.1562e+00, -2.8891e+01, -4.4297e+00]],

        [[-2.8047e+00,  1.4586e+01,  1.4725e-03,  ...,  4.0938e+00, -6.4141e+00, -3.2637e+00],
         [-1.3757e-01, -5.6992e+00,  7.7002e-01,  ..., -4.7461e+00, -1.2920e+00,  2.2156e+01],
         [-2.6375e+01, -4.2148e+00,  1.0850e+00,  ..., -1.4795e+00,  1.0907e-01,  4.1797e+00],
         ...,
         [ 7.7051e-01, -2.8297e+01, -7.4570e+00,  ..., -3.1396e-01,  5.2688e+01,  3.6543e+00],
         [ 5.4031e+01,  1.5977e+00,  3.4688e+01,  ..., -1.5602e+01, -6.1875e+00,  4.2812e+00],
         [-6.8115e-01,  5.7500e+00,  2.2285e+00,  ...,  2.4480e+03,  1.5371e+00,  1.0576e+00]],

        ...,

        [[       -inf, -1.0320e+01,  2.3027e+00,  ..., -5.7178e-01,  6.7031e+00,  3.5132e-01],
         [-3.7750e+02, -1.4000e+01,  2.3828e+00,  ..., -1.4461e+01, -7.8438e+00,  2.1250e+00],
         [ 6.5562e+01, -2.2016e+01,  4.5000e+03,  ..., -1.2414e+01, -1.8291e+00,  1.6930e+03],
         ...,
         [ 2.3398e+00,  4.2656e+00, -2.2266e+00,  ...,  4.2781e+01, -6.2109e-01,  7.1436e-01],
         [-6.8250e+01, -2.2383e+00,  1.1102e+01,  ..., -2.2695e+00,  1.4195e+01,  4.2656e+00],
         [-1.1320e+01,  4.0859e+00, -9.8828e+00,  ..., -2.4156e+01,  3.6377e-01,  7.2559e-01]],

        [[-1.6318e+00, -4.0430e+00, -1.9189e+00,  ...,         inf,  1.2297e+01,  3.3281e+00],
         [-1.8145e+00, -4.1094e+00, -4.5435e-01,  ..., -2.0012e+02,  1.2602e+01,  6.4414e+00],
         [-5.4062e+00, -3.9277e+00,  4.5605e-01,  ...,  2.4625e+01,  1.1336e+01, -1.0303e+00],
         ...,
         [ 5.2406e+01, -5.5039e+00,  3.4844e+00,  ..., -4.6445e+00, -7.9141e+00, -2.9109e+01],
         [-3.5430e+00,  3.3555e+00, -1.4445e+01,  ...,  7.5586e+00,  5.6719e+00,  1.9834e+00],
         [-3.0444e-01, -9.4609e+00, -2.1465e+00,  ...,  7.5000e+00, -1.2828e+01,  1.0531e+01]],

        [[ 2.8301e+00, -7.9395e-01,        -inf,  ...,  3.1328e+00, -3.5742e+00, -2.0656e+04],
         [-2.7672e+01, -2.1875e+01,  1.9750e+01,  ...,  1.9873e+00,  2.5000e+00,  2.7734e+00],
         [ 2.1387e+00, -1.6172e+00,  1.9766e+00,  ..., -1.1133e+00, -8.0312e+00, -2.5734e+01],
         ...,
         [-3.9980e+00, -4.4000e+01, -1.3281e+01,  ..., -1.1074e+00,  1.6719e+01, -1.3977e+01],
         [-5.0049e-02, -4.2344e+01, -2.6270e+00,  ...,  9.0137e-01,  5.4344e+01,  7.5625e+00],
         [-2.8555e+00,  4.7188e+01, -1.6338e+00,  ...,        -inf,        -inf, -6.9000e+01]]], dtype=torch.float16)




=================测试开始======================测试开始====================测试开始=========================测试开始====================测试开始========================测试开始=================================
CUDA_VISIBLE_DEVICES:2
test begin: paddle.digamma(Tensor([10, 21474836, 10],"float16"), )
W0723 18:45:10.620569 142809 gpu_resources.cc:114] Please NOTE: device: 0, GPU Compute Capability: 8.0, Driver API Version: 12.0, Runtime API Version: 11.8
[accuracy error] backward  paddle.digamma(Tensor([10, 21474836, 10],"float16"), ) 
 Not equal to tolerance rtol=0.01, atol=0.01
Tensor-likes are not close!

Mismatched elements: 8877226 / 2147483600 (0.4%)
Greatest absolute difference: nan at index (0, 21006649, 4) (up to 0.01 allowed)
Greatest relative difference: nan at index (0, 14, 2) (up to 0.01 allowed)
ACTUAL: (shape=torch.Size([10, 21474836, 10]), dtype=torch.float16)
tensor([[[-2.7578e+00,  2.6392e-01, -4.6992e+00,  ...,  3.2734e+00,  4.3531e+01,  5.6641e+00],
         [ 1.6426e+00, -2.0977e+00, -2.0762e+00,  ...,  8.8438e+01, -7.3438e+01, -1.1344e+01],
         [-1.5088e+00, -2.8359e+00,  1.1398e+01,  ...,  1.7850e+02, -3.5094e+01,  1.7119e+00],
         ...,
         [-1.2203e+01, -1.8094e+01, -4.5898e+00,  ..., -3.2594e+01,  1.4141e+01,  2.3828e+00],
         [ 8.1953e+00,  1.2871e+00, -6.4062e+00,  ...,  3.6836e+00, -3.5195e+00,  1.0602e+01],
         [ 1.2275e+00, -2.3047e+00, -6.4250e+01,  ..., -2.9141e+00,  3.7900e+02,  2.5293e+00]],

        [[ 4.5234e+00,  4.1344e+01,  3.8301e+00,  ..., -1.2295e+00,  5.0547e+00,  3.0203e+01],
         [ 5.2305e+00, -5.4375e+01,  1.0961e+01,  ...,  3.9199e+00,  3.5229e-01,  7.5586e-01],
         [-4.7500e+02, -2.5234e+00,  1.7910e+00,  ..., -8.9312e+01, -5.4180e+00, -2.9902e+00],
         ...,
         [ 6.1719e-01,  3.4082e-01, -1.6516e+01,  ...,  6.1719e+00, -1.8496e+00,  3.7531e+01],
         [-7.2688e+01, -2.6188e+01,  1.6000e+01,  ..., -1.7783e+00,  1.8910e+03, -1.9543e-01],
         [-1.0521e-02, -5.3250e+01,  7.8857e-02,  ...,  3.6156e+01,  3.7062e+01, -1.2788e+02]],

        [[-1.8496e+00,  6.6211e+00,  1.5137e+00,  ..., -1.0881e+02,  2.3066e+00,  1.5600e+02],
         [-3.8575e+02,  1.0250e+01,  5.1094e+00,  ...,  3.3223e+00,  6.8125e+01, -1.3416e-01],
         [ 3.9023e+00,  2.3912e+02,  3.4277e-01,  ...,  6.4355e-01, -3.8691e+00,  8.0127e-01],
         ...,
         [-1.9707e+00, -6.8828e+00, -5.6562e+00,  ...,  1.8312e+02, -4.2656e+00,  2.5156e+00],
         [ 1.2461e+00,  4.3516e+00, -7.6709e-01,  ..., -2.6660e-01, -3.3359e+00,  5.0000e-01],
         [-1.8094e+01, -8.1016e+00,  3.0762e+00,  ...,  2.1531e+01, -3.0859e+00,  7.9700e+02]],

        ...,

        [[-1.3930e+01, -5.5234e+00, -2.0234e+01,  ..., -3.6191e+00, -1.4625e+01, -2.0640e+03],
         [ 1.0258e+01,  2.4258e+00,  1.8838e+00,  ...,  1.5752e+00,  9.7900e-01,  1.1836e+00],
         [ 4.9180e+00, -1.7109e+00, -4.0898e+00,  ..., -2.2773e+00,  6.9883e+00,  5.4336e+00],
         ...,
         [-8.2422e+00,  4.2562e+01, -2.5797e+01,  ...,  6.2734e+00,  1.3037e+00,  2.9141e+00],
         [-9.0750e+02,  2.8398e+00,  2.7871e+00,  ...,  4.1875e+00,  8.4766e+00,  4.7500e+00],
         [ 1.4633e+01, -2.4746e+00,  1.7148e+00,  ..., -2.8828e+00, -3.5332e+00, -1.4893e-01]],

        [[ 2.0828e+01,  5.9453e+00,  2.3145e+00,  ...,  3.7156e+01, -7.7266e+00, -3.8262e+00],
         [-1.0479e+00, -9.0088e-01, -7.9492e+00,  ..., -2.9609e+00, -1.8384e-01,  1.5938e+02],
         [ 6.8633e+00, -3.7094e+01, -4.3438e+00,  ...,  5.2656e+00, -1.7148e+00, -2.4597e-01],
         ...,
         [ 9.7803e-01,  2.7266e+00,  9.6863e-02,  ...,  1.1006e+00,  3.9961e+00, -1.0117e+01],
         [-1.1406e+00, -1.3818e+00, -2.4727e+00,  ..., -5.2695e+00, -5.6844e+01, -1.4463e+00],
         [-9.6143e-01,  3.3438e+00,  7.8203e+00,  ..., -7.9336e+00,  2.5906e+01,  6.8506e-01]],

        [[-2.9907e-01,  2.0047e+01, -7.1600e+02,  ...,  1.8925e+02, -8.1328e+00, -2.9336e+00],
         [ 7.8320e-01, -1.9043e+00,  1.1367e+01,  ..., -3.9961e+00, -3.8438e+00, -4.6094e-01],
         [ 1.5510e+03,  3.2764e-01,  4.2422e+00,  ...,  3.1516e+01, -2.0918e+00, -3.6387e+00],
         ...,
         [ 6.5283e-01,  4.6094e+00,  2.1016e+00,  ..., -3.3848e+00, -1.9463e+00,  4.1211e+00],
         [ 3.5020e+00,  4.9536e-01, -4.3008e+00,  ..., -2.4388e+02, -5.4805e+00,  2.7109e+00],
         [-3.7559e+00, -2.8475e+02, -4.9286e-02,  ..., -1.0176e+00, -9.4141e+00,  3.0117e+00]]], dtype=torch.float16)
DESIRED: (shape=torch.Size([10, 21474836, 10]), dtype=torch.float16)
tensor([[[-2.7559e+00,  2.6416e-01, -4.6992e+00,  ...,  3.2715e+00,  4.3531e+01,  5.6641e+00],
         [ 1.6426e+00, -2.0977e+00, -2.0762e+00,  ...,  8.8438e+01, -7.3438e+01, -1.1336e+01],
         [-1.5088e+00, -2.8359e+00,  1.1398e+01,  ...,  1.7850e+02, -3.5094e+01,  1.7129e+00],
         ...,
         [-1.2203e+01, -1.8094e+01, -4.5938e+00,  ..., -3.2594e+01,  1.4141e+01,  2.3828e+00],
         [ 8.1953e+00,  1.2861e+00, -6.4062e+00,  ...,  3.6855e+00, -3.5195e+00,  1.0602e+01],
         [ 1.2275e+00, -2.3047e+00, -6.4250e+01,  ..., -2.9141e+00,  3.7925e+02,  2.5293e+00]],

        [[ 4.5195e+00,  4.1344e+01,  3.8301e+00,  ..., -1.2285e+00,  5.0547e+00,  3.0203e+01],
         [ 5.2305e+00, -5.4375e+01,  1.0961e+01,  ...,  3.9219e+00,  3.5254e-01,  7.5586e-01],
         [-4.7500e+02, -2.5234e+00,  1.7920e+00,  ..., -8.9312e+01, -5.4180e+00, -2.9902e+00],
         ...,
         [ 6.1719e-01,  3.4082e-01, -1.6516e+01,  ...,  6.1758e+00, -1.8506e+00,  3.7531e+01],
         [-7.2688e+01, -2.6188e+01,  1.5992e+01,  ..., -1.7783e+00,  1.8910e+03, -1.9531e-01],
         [-1.0521e-02, -5.3250e+01,  7.8857e-02,  ...,  3.6156e+01,  3.7094e+01, -1.2788e+02]],

        [[-1.8496e+00,  6.6211e+00,  1.5137e+00,  ..., -1.0888e+02,  2.3066e+00,  1.5612e+02],
         [-3.8575e+02,  1.0250e+01,  5.1094e+00,  ...,  3.3223e+00,  6.8188e+01, -1.3403e-01],
         [ 3.9043e+00,  2.3912e+02,  3.4277e-01,  ...,  6.4355e-01, -3.8691e+00,  8.0127e-01],
         ...,
         [-1.9707e+00, -6.8867e+00, -5.6523e+00,  ...,  1.8300e+02, -4.2656e+00,  2.5176e+00],
         [ 1.2461e+00,  4.3516e+00, -7.6709e-01,  ..., -2.6660e-01, -3.3359e+00,  5.0000e-01],
         [-1.8094e+01, -8.1016e+00,  3.0781e+00,  ...,  2.1531e+01, -3.0859e+00,  7.9700e+02]],

        ...,

        [[-1.3922e+01, -5.5234e+00, -2.0219e+01,  ..., -3.6211e+00, -1.4617e+01, -2.0620e+03],
         [ 1.0250e+01,  2.4277e+00,  1.8828e+00,  ...,  1.5752e+00,  9.7900e-01,  1.1836e+00],
         [ 4.9180e+00, -1.7109e+00, -4.0938e+00,  ..., -2.2754e+00,  6.9922e+00,  5.4336e+00],
         ...,
         [-8.2500e+00,  4.2594e+01, -2.5812e+01,  ...,  6.2773e+00,  1.3037e+00,  2.9141e+00],
         [-9.0800e+02,  2.8398e+00,  2.7871e+00,  ...,  4.1875e+00,  8.4766e+00,  4.7500e+00],
         [ 1.4633e+01, -2.4746e+00,  1.7148e+00,  ..., -2.8848e+00, -3.5352e+00, -1.4880e-01]],

        [[ 2.0844e+01,  5.9453e+00,  2.3145e+00,  ...,  3.7156e+01, -7.7266e+00, -3.8262e+00],
         [-1.0479e+00, -9.0137e-01, -7.9531e+00,  ..., -2.9609e+00, -1.8384e-01,  1.5938e+02],
         [ 6.8633e+00, -3.7094e+01, -4.3438e+00,  ...,  5.2695e+00, -1.7148e+00, -2.4585e-01],
         ...,
         [ 9.7803e-01,  2.7266e+00,  9.6863e-02,  ...,  1.0996e+00,  3.9961e+00, -1.0117e+01],
         [-1.1406e+00, -1.3828e+00, -2.4727e+00,  ..., -5.2695e+00, -5.6812e+01, -1.4463e+00],
         [-9.6191e-01,  3.3457e+00,  7.8203e+00,  ..., -7.9336e+00,  2.5906e+01,  6.8506e-01]],

        [[-2.9907e-01,  2.0047e+01, -7.1600e+02,  ...,  1.8912e+02, -8.1328e+00, -2.9336e+00],
         [ 7.8320e-01, -1.9033e+00,  1.1367e+01,  ..., -3.9980e+00, -3.8418e+00, -4.6094e-01],
         [ 1.5510e+03,  3.2739e-01,  4.2422e+00,  ...,  3.1531e+01, -2.0918e+00, -3.6387e+00],
         ...,
         [ 6.5283e-01,  4.6094e+00,  2.1016e+00,  ..., -3.3848e+00, -1.9453e+00,  4.1211e+00],
         [ 3.5039e+00,  4.9536e-01, -4.3008e+00,  ..., -2.4388e+02, -5.4844e+00,  2.7109e+00],
         [-3.7578e+00, -2.8475e+02, -4.9316e-02,  ..., -1.0166e+00, -9.4141e+00,  3.0117e+00]]], dtype=torch.float16)




=================测试开始======================测试开始====================测试开始=========================测试开始====================测试开始========================测试开始=================================
CUDA_VISIBLE_DEVICES:2
test begin: paddle.digamma(Tensor([10, 21474836, 10],"float16"), )
W0723 18:57:27.360294 153404 gpu_resources.cc:114] Please NOTE: device: 0, GPU Compute Capability: 8.0, Driver API Version: 12.0, Runtime API Version: 11.8
[accuracy error] backward  paddle.digamma(Tensor([10, 21474836, 10],"float16"), ) 
 Not equal to tolerance rtol=0.01, atol=0.01
Tensor-likes are not close!

Mismatched elements: 8877226 / 2147483600 (0.4%)
Greatest absolute difference: nan at index (0, 21006649, 4) (up to 0.01 allowed)
Greatest relative difference: nan at index (0, 14, 2) (up to 0.01 allowed)
ACTUAL: (shape=torch.Size([10, 21474836, 10]), dtype=torch.float16)
tensor([[[-2.7578e+00,  2.6392e-01, -4.6992e+00,  ...,  3.2734e+00,  4.3531e+01,  5.6641e+00],
         [ 1.6426e+00, -2.0977e+00, -2.0762e+00,  ...,  8.8438e+01, -7.3438e+01, -1.1344e+01],
         [-1.5088e+00, -2.8359e+00,  1.1398e+01,  ...,  1.7850e+02, -3.5094e+01,  1.7119e+00],
         ...,
         [-1.2203e+01, -1.8094e+01, -4.5898e+00,  ..., -3.2594e+01,  1.4141e+01,  2.3828e+00],
         [ 8.1953e+00,  1.2871e+00, -6.4062e+00,  ...,  3.6836e+00, -3.5195e+00,  1.0602e+01],
         [ 1.2275e+00, -2.3047e+00, -6.4250e+01,  ..., -2.9141e+00,  3.7900e+02,  2.5293e+00]],

        [[ 4.5234e+00,  4.1344e+01,  3.8301e+00,  ..., -1.2295e+00,  5.0547e+00,  3.0203e+01],
         [ 5.2305e+00, -5.4375e+01,  1.0961e+01,  ...,  3.9199e+00,  3.5229e-01,  7.5586e-01],
         [-4.7500e+02, -2.5234e+00,  1.7910e+00,  ..., -8.9312e+01, -5.4180e+00, -2.9902e+00],
         ...,
         [ 6.1719e-01,  3.4082e-01, -1.6516e+01,  ...,  6.1719e+00, -1.8496e+00,  3.7531e+01],
         [-7.2688e+01, -2.6188e+01,  1.6000e+01,  ..., -1.7783e+00,  1.8910e+03, -1.9543e-01],
         [-1.0521e-02, -5.3250e+01,  7.8857e-02,  ...,  3.6156e+01,  3.7062e+01, -1.2788e+02]],

        [[-1.8496e+00,  6.6211e+00,  1.5137e+00,  ..., -1.0881e+02,  2.3066e+00,  1.5600e+02],
         [-3.8575e+02,  1.0250e+01,  5.1094e+00,  ...,  3.3223e+00,  6.8125e+01, -1.3416e-01],
         [ 3.9023e+00,  2.3912e+02,  3.4277e-01,  ...,  6.4355e-01, -3.8691e+00,  8.0127e-01],
         ...,
         [-1.9707e+00, -6.8828e+00, -5.6562e+00,  ...,  1.8312e+02, -4.2656e+00,  2.5156e+00],
         [ 1.2461e+00,  4.3516e+00, -7.6709e-01,  ..., -2.6660e-01, -3.3359e+00,  5.0000e-01],
         [-1.8094e+01, -8.1016e+00,  3.0762e+00,  ...,  2.1531e+01, -3.0859e+00,  7.9700e+02]],

        ...,

        [[-1.3930e+01, -5.5234e+00, -2.0234e+01,  ..., -3.6191e+00, -1.4625e+01, -2.0640e+03],
         [ 1.0258e+01,  2.4258e+00,  1.8838e+00,  ...,  1.5752e+00,  9.7900e-01,  1.1836e+00],
         [ 4.9180e+00, -1.7109e+00, -4.0898e+00,  ..., -2.2773e+00,  6.9883e+00,  5.4336e+00],
         ...,
         [-8.2422e+00,  4.2562e+01, -2.5797e+01,  ...,  6.2734e+00,  1.3037e+00,  2.9141e+00],
         [-9.0750e+02,  2.8398e+00,  2.7871e+00,  ...,  4.1875e+00,  8.4766e+00,  4.7500e+00],
         [ 1.4633e+01, -2.4746e+00,  1.7148e+00,  ..., -2.8828e+00, -3.5332e+00, -1.4893e-01]],

        [[ 2.0828e+01,  5.9453e+00,  2.3145e+00,  ...,  3.7156e+01, -7.7266e+00, -3.8262e+00],
         [-1.0479e+00, -9.0088e-01, -7.9492e+00,  ..., -2.9609e+00, -1.8384e-01,  1.5938e+02],
         [ 6.8633e+00, -3.7094e+01, -4.3438e+00,  ...,  5.2656e+00, -1.7148e+00, -2.4597e-01],
         ...,
         [ 9.7803e-01,  2.7266e+00,  9.6863e-02,  ...,  1.1006e+00,  3.9961e+00, -1.0117e+01],
         [-1.1406e+00, -1.3818e+00, -2.4727e+00,  ..., -5.2695e+00, -5.6844e+01, -1.4463e+00],
         [-9.6143e-01,  3.3438e+00,  7.8203e+00,  ..., -7.9336e+00,  2.5906e+01,  6.8506e-01]],

        [[-2.9907e-01,  2.0047e+01, -7.1600e+02,  ...,  1.8925e+02, -8.1328e+00, -2.9336e+00],
         [ 7.8320e-01, -1.9043e+00,  1.1367e+01,  ..., -3.9961e+00, -3.8438e+00, -4.6094e-01],
         [ 1.5510e+03,  3.2764e-01,  4.2422e+00,  ...,  3.1516e+01, -2.0918e+00, -3.6387e+00],
         ...,
         [ 6.5283e-01,  4.6094e+00,  2.1016e+00,  ..., -3.3848e+00, -1.9463e+00,  4.1211e+00],
         [ 3.5020e+00,  4.9536e-01, -4.3008e+00,  ..., -2.4388e+02, -5.4805e+00,  2.7109e+00],
         [-3.7559e+00, -2.8475e+02, -4.9286e-02,  ..., -1.0176e+00, -9.4141e+00,  3.0117e+00]]], dtype=torch.float16)
DESIRED: (shape=torch.Size([10, 21474836, 10]), dtype=torch.float16)
tensor([[[-2.7559e+00,  2.6416e-01, -4.6992e+00,  ...,  3.2715e+00,  4.3531e+01,  5.6641e+00],
         [ 1.6426e+00, -2.0977e+00, -2.0762e+00,  ...,  8.8438e+01, -7.3438e+01, -1.1336e+01],
         [-1.5088e+00, -2.8359e+00,  1.1398e+01,  ...,  1.7850e+02, -3.5094e+01,  1.7129e+00],
         ...,
         [-1.2203e+01, -1.8094e+01, -4.5938e+00,  ..., -3.2594e+01,  1.4141e+01,  2.3828e+00],
         [ 8.1953e+00,  1.2861e+00, -6.4062e+00,  ...,  3.6855e+00, -3.5195e+00,  1.0602e+01],
         [ 1.2275e+00, -2.3047e+00, -6.4250e+01,  ..., -2.9141e+00,  3.7925e+02,  2.5293e+00]],

        [[ 4.5195e+00,  4.1344e+01,  3.8301e+00,  ..., -1.2285e+00,  5.0547e+00,  3.0203e+01],
         [ 5.2305e+00, -5.4375e+01,  1.0961e+01,  ...,  3.9219e+00,  3.5254e-01,  7.5586e-01],
         [-4.7500e+02, -2.5234e+00,  1.7920e+00,  ..., -8.9312e+01, -5.4180e+00, -2.9902e+00],
         ...,
         [ 6.1719e-01,  3.4082e-01, -1.6516e+01,  ...,  6.1758e+00, -1.8506e+00,  3.7531e+01],
         [-7.2688e+01, -2.6188e+01,  1.5992e+01,  ..., -1.7783e+00,  1.8910e+03, -1.9531e-01],
         [-1.0521e-02, -5.3250e+01,  7.8857e-02,  ...,  3.6156e+01,  3.7094e+01, -1.2788e+02]],

        [[-1.8496e+00,  6.6211e+00,  1.5137e+00,  ..., -1.0888e+02,  2.3066e+00,  1.5612e+02],
         [-3.8575e+02,  1.0250e+01,  5.1094e+00,  ...,  3.3223e+00,  6.8188e+01, -1.3403e-01],
         [ 3.9043e+00,  2.3912e+02,  3.4277e-01,  ...,  6.4355e-01, -3.8691e+00,  8.0127e-01],
         ...,
         [-1.9707e+00, -6.8867e+00, -5.6523e+00,  ...,  1.8300e+02, -4.2656e+00,  2.5176e+00],
         [ 1.2461e+00,  4.3516e+00, -7.6709e-01,  ..., -2.6660e-01, -3.3359e+00,  5.0000e-01],
         [-1.8094e+01, -8.1016e+00,  3.0781e+00,  ...,  2.1531e+01, -3.0859e+00,  7.9700e+02]],

        ...,

        [[-1.3922e+01, -5.5234e+00, -2.0219e+01,  ..., -3.6211e+00, -1.4617e+01, -2.0620e+03],
         [ 1.0250e+01,  2.4277e+00,  1.8828e+00,  ...,  1.5752e+00,  9.7900e-01,  1.1836e+00],
         [ 4.9180e+00, -1.7109e+00, -4.0938e+00,  ..., -2.2754e+00,  6.9922e+00,  5.4336e+00],
         ...,
         [-8.2500e+00,  4.2594e+01, -2.5812e+01,  ...,  6.2773e+00,  1.3037e+00,  2.9141e+00],
         [-9.0800e+02,  2.8398e+00,  2.7871e+00,  ...,  4.1875e+00,  8.4766e+00,  4.7500e+00],
         [ 1.4633e+01, -2.4746e+00,  1.7148e+00,  ..., -2.8848e+00, -3.5352e+00, -1.4880e-01]],

        [[ 2.0844e+01,  5.9453e+00,  2.3145e+00,  ...,  3.7156e+01, -7.7266e+00, -3.8262e+00],
         [-1.0479e+00, -9.0137e-01, -7.9531e+00,  ..., -2.9609e+00, -1.8384e-01,  1.5938e+02],
         [ 6.8633e+00, -3.7094e+01, -4.3438e+00,  ...,  5.2695e+00, -1.7148e+00, -2.4585e-01],
         ...,
         [ 9.7803e-01,  2.7266e+00,  9.6863e-02,  ...,  1.0996e+00,  3.9961e+00, -1.0117e+01],
         [-1.1406e+00, -1.3828e+00, -2.4727e+00,  ..., -5.2695e+00, -5.6812e+01, -1.4463e+00],
         [-9.6191e-01,  3.3457e+00,  7.8203e+00,  ..., -7.9336e+00,  2.5906e+01,  6.8506e-01]],

        [[-2.9907e-01,  2.0047e+01, -7.1600e+02,  ...,  1.8912e+02, -8.1328e+00, -2.9336e+00],
         [ 7.8320e-01, -1.9033e+00,  1.1367e+01,  ..., -3.9980e+00, -3.8418e+00, -4.6094e-01],
         [ 1.5510e+03,  3.2739e-01,  4.2422e+00,  ...,  3.1531e+01, -2.0918e+00, -3.6387e+00],
         ...,
         [ 6.5283e-01,  4.6094e+00,  2.1016e+00,  ..., -3.3848e+00, -1.9453e+00,  4.1211e+00],
         [ 3.5039e+00,  4.9536e-01, -4.3008e+00,  ..., -2.4388e+02, -5.4844e+00,  2.7109e+00],
         [-3.7578e+00, -2.8475e+02, -4.9316e-02,  ..., -1.0166e+00, -9.4141e+00,  3.0117e+00]]], dtype=torch.float16)




=================测试开始======================测试开始====================测试开始=========================测试开始====================测试开始========================测试开始=================================
CUDA_VISIBLE_DEVICES:2
test begin: paddle.digamma(Tensor([10, 21474836, 10],"float32"), )
W0723 19:12:15.909281  2454 gpu_resources.cc:114] Please NOTE: device: 0, GPU Compute Capability: 8.0, Driver API Version: 12.0, Runtime API Version: 11.8
[Pass] paddle.digamma(Tensor([10, 21474836, 10],"float32"), )




=================测试开始======================测试开始====================测试开始=========================测试开始====================测试开始========================测试开始=================================
CUDA_VISIBLE_DEVICES:2
test begin: paddle.digamma(Tensor([10, 21474836, 10],"float16"), )
W0723 19:16:18.114329  5758 gpu_resources.cc:114] Please NOTE: device: 0, GPU Compute Capability: 8.0, Driver API Version: 12.0, Runtime API Version: 11.8
[accuracy error] backward  paddle.digamma(Tensor([10, 21474836, 10],"float16"), ) 
 Not equal to tolerance rtol=0.01, atol=0.01
Tensor-likes are not close!

Mismatched elements: 8877226 / 2147483600 (0.4%)
Greatest absolute difference: nan at index (0, 21006649, 4) (up to 0.01 allowed)
Greatest relative difference: nan at index (0, 14, 2) (up to 0.01 allowed)
ACTUAL: (shape=torch.Size([10, 21474836, 10]), dtype=torch.float16)
tensor([[[-2.7578e+00,  2.6392e-01, -4.6992e+00,  ...,  3.2734e+00,  4.3531e+01,  5.6641e+00],
         [ 1.6426e+00, -2.0977e+00, -2.0762e+00,  ...,  8.8438e+01, -7.3438e+01, -1.1344e+01],
         [-1.5088e+00, -2.8359e+00,  1.1398e+01,  ...,  1.7850e+02, -3.5094e+01,  1.7119e+00],
         ...,
         [-1.2203e+01, -1.8094e+01, -4.5898e+00,  ..., -3.2594e+01,  1.4141e+01,  2.3828e+00],
         [ 8.1953e+00,  1.2871e+00, -6.4062e+00,  ...,  3.6836e+00, -3.5195e+00,  1.0602e+01],
         [ 1.2275e+00, -2.3047e+00, -6.4250e+01,  ..., -2.9141e+00,  3.7900e+02,  2.5293e+00]],

        [[ 4.5234e+00,  4.1344e+01,  3.8301e+00,  ..., -1.2295e+00,  5.0547e+00,  3.0203e+01],
         [ 5.2305e+00, -5.4375e+01,  1.0961e+01,  ...,  3.9199e+00,  3.5229e-01,  7.5586e-01],
         [-4.7500e+02, -2.5234e+00,  1.7910e+00,  ..., -8.9312e+01, -5.4180e+00, -2.9902e+00],
         ...,
         [ 6.1719e-01,  3.4082e-01, -1.6516e+01,  ...,  6.1719e+00, -1.8496e+00,  3.7531e+01],
         [-7.2688e+01, -2.6188e+01,  1.6000e+01,  ..., -1.7783e+00,  1.8910e+03, -1.9543e-01],
         [-1.0521e-02, -5.3250e+01,  7.8857e-02,  ...,  3.6156e+01,  3.7062e+01, -1.2788e+02]],

        [[-1.8496e+00,  6.6211e+00,  1.5137e+00,  ..., -1.0881e+02,  2.3066e+00,  1.5600e+02],
         [-3.8575e+02,  1.0250e+01,  5.1094e+00,  ...,  3.3223e+00,  6.8125e+01, -1.3416e-01],
         [ 3.9023e+00,  2.3912e+02,  3.4277e-01,  ...,  6.4355e-01, -3.8691e+00,  8.0127e-01],
         ...,
         [-1.9707e+00, -6.8828e+00, -5.6562e+00,  ...,  1.8312e+02, -4.2656e+00,  2.5156e+00],
         [ 1.2461e+00,  4.3516e+00, -7.6709e-01,  ..., -2.6660e-01, -3.3359e+00,  5.0000e-01],
         [-1.8094e+01, -8.1016e+00,  3.0762e+00,  ...,  2.1531e+01, -3.0859e+00,  7.9700e+02]],

        ...,

        [[-1.3930e+01, -5.5234e+00, -2.0234e+01,  ..., -3.6191e+00, -1.4625e+01, -2.0640e+03],
         [ 1.0258e+01,  2.4258e+00,  1.8838e+00,  ...,  1.5752e+00,  9.7900e-01,  1.1836e+00],
         [ 4.9180e+00, -1.7109e+00, -4.0898e+00,  ..., -2.2773e+00,  6.9883e+00,  5.4336e+00],
         ...,
         [-8.2422e+00,  4.2562e+01, -2.5797e+01,  ...,  6.2734e+00,  1.3037e+00,  2.9141e+00],
         [-9.0750e+02,  2.8398e+00,  2.7871e+00,  ...,  4.1875e+00,  8.4766e+00,  4.7500e+00],
         [ 1.4633e+01, -2.4746e+00,  1.7148e+00,  ..., -2.8828e+00, -3.5332e+00, -1.4893e-01]],

        [[ 2.0828e+01,  5.9453e+00,  2.3145e+00,  ...,  3.7156e+01, -7.7266e+00, -3.8262e+00],
         [-1.0479e+00, -9.0088e-01, -7.9492e+00,  ..., -2.9609e+00, -1.8384e-01,  1.5938e+02],
         [ 6.8633e+00, -3.7094e+01, -4.3438e+00,  ...,  5.2656e+00, -1.7148e+00, -2.4597e-01],
         ...,
         [ 9.7803e-01,  2.7266e+00,  9.6863e-02,  ...,  1.1006e+00,  3.9961e+00, -1.0117e+01],
         [-1.1406e+00, -1.3818e+00, -2.4727e+00,  ..., -5.2695e+00, -5.6844e+01, -1.4463e+00],
         [-9.6143e-01,  3.3438e+00,  7.8203e+00,  ..., -7.9336e+00,  2.5906e+01,  6.8506e-01]],

        [[-2.9907e-01,  2.0047e+01, -7.1600e+02,  ...,  1.8925e+02, -8.1328e+00, -2.9336e+00],
         [ 7.8320e-01, -1.9043e+00,  1.1367e+01,  ..., -3.9961e+00, -3.8438e+00, -4.6094e-01],
         [ 1.5510e+03,  3.2764e-01,  4.2422e+00,  ...,  3.1516e+01, -2.0918e+00, -3.6387e+00],
         ...,
         [ 6.5283e-01,  4.6094e+00,  2.1016e+00,  ..., -3.3848e+00, -1.9463e+00,  4.1211e+00],
         [ 3.5020e+00,  4.9536e-01, -4.3008e+00,  ..., -2.4388e+02, -5.4805e+00,  2.7109e+00],
         [-3.7559e+00, -2.8475e+02, -4.9286e-02,  ..., -1.0176e+00, -9.4141e+00,  3.0117e+00]]], dtype=torch.float16)
DESIRED: (shape=torch.Size([10, 21474836, 10]), dtype=torch.float16)
tensor([[[-2.7559e+00,  2.6416e-01, -4.6992e+00,  ...,  3.2715e+00,  4.3531e+01,  5.6641e+00],
         [ 1.6426e+00, -2.0977e+00, -2.0762e+00,  ...,  8.8438e+01, -7.3438e+01, -1.1336e+01],
         [-1.5088e+00, -2.8359e+00,  1.1398e+01,  ...,  1.7850e+02, -3.5094e+01,  1.7129e+00],
         ...,
         [-1.2203e+01, -1.8094e+01, -4.5938e+00,  ..., -3.2594e+01,  1.4141e+01,  2.3828e+00],
         [ 8.1953e+00,  1.2861e+00, -6.4062e+00,  ...,  3.6855e+00, -3.5195e+00,  1.0602e+01],
         [ 1.2275e+00, -2.3047e+00, -6.4250e+01,  ..., -2.9141e+00,  3.7925e+02,  2.5293e+00]],

        [[ 4.5195e+00,  4.1344e+01,  3.8301e+00,  ..., -1.2285e+00,  5.0547e+00,  3.0203e+01],
         [ 5.2305e+00, -5.4375e+01,  1.0961e+01,  ...,  3.9219e+00,  3.5254e-01,  7.5586e-01],
         [-4.7500e+02, -2.5234e+00,  1.7920e+00,  ..., -8.9312e+01, -5.4180e+00, -2.9902e+00],
         ...,
         [ 6.1719e-01,  3.4082e-01, -1.6516e+01,  ...,  6.1758e+00, -1.8506e+00,  3.7531e+01],
         [-7.2688e+01, -2.6188e+01,  1.5992e+01,  ..., -1.7783e+00,  1.8910e+03, -1.9531e-01],
         [-1.0521e-02, -5.3250e+01,  7.8857e-02,  ...,  3.6156e+01,  3.7094e+01, -1.2788e+02]],

        [[-1.8496e+00,  6.6211e+00,  1.5137e+00,  ..., -1.0888e+02,  2.3066e+00,  1.5612e+02],
         [-3.8575e+02,  1.0250e+01,  5.1094e+00,  ...,  3.3223e+00,  6.8188e+01, -1.3403e-01],
         [ 3.9043e+00,  2.3912e+02,  3.4277e-01,  ...,  6.4355e-01, -3.8691e+00,  8.0127e-01],
         ...,
         [-1.9707e+00, -6.8867e+00, -5.6523e+00,  ...,  1.8300e+02, -4.2656e+00,  2.5176e+00],
         [ 1.2461e+00,  4.3516e+00, -7.6709e-01,  ..., -2.6660e-01, -3.3359e+00,  5.0000e-01],
         [-1.8094e+01, -8.1016e+00,  3.0781e+00,  ...,  2.1531e+01, -3.0859e+00,  7.9700e+02]],

        ...,

        [[-1.3922e+01, -5.5234e+00, -2.0219e+01,  ..., -3.6211e+00, -1.4617e+01, -2.0620e+03],
         [ 1.0250e+01,  2.4277e+00,  1.8828e+00,  ...,  1.5752e+00,  9.7900e-01,  1.1836e+00],
         [ 4.9180e+00, -1.7109e+00, -4.0938e+00,  ..., -2.2754e+00,  6.9922e+00,  5.4336e+00],
         ...,
         [-8.2500e+00,  4.2594e+01, -2.5812e+01,  ...,  6.2773e+00,  1.3037e+00,  2.9141e+00],
         [-9.0800e+02,  2.8398e+00,  2.7871e+00,  ...,  4.1875e+00,  8.4766e+00,  4.7500e+00],
         [ 1.4633e+01, -2.4746e+00,  1.7148e+00,  ..., -2.8848e+00, -3.5352e+00, -1.4880e-01]],

        [[ 2.0844e+01,  5.9453e+00,  2.3145e+00,  ...,  3.7156e+01, -7.7266e+00, -3.8262e+00],
         [-1.0479e+00, -9.0137e-01, -7.9531e+00,  ..., -2.9609e+00, -1.8384e-01,  1.5938e+02],
         [ 6.8633e+00, -3.7094e+01, -4.3438e+00,  ...,  5.2695e+00, -1.7148e+00, -2.4585e-01],
         ...,
         [ 9.7803e-01,  2.7266e+00,  9.6863e-02,  ...,  1.0996e+00,  3.9961e+00, -1.0117e+01],
         [-1.1406e+00, -1.3828e+00, -2.4727e+00,  ..., -5.2695e+00, -5.6812e+01, -1.4463e+00],
         [-9.6191e-01,  3.3457e+00,  7.8203e+00,  ..., -7.9336e+00,  2.5906e+01,  6.8506e-01]],

        [[-2.9907e-01,  2.0047e+01, -7.1600e+02,  ...,  1.8912e+02, -8.1328e+00, -2.9336e+00],
         [ 7.8320e-01, -1.9033e+00,  1.1367e+01,  ..., -3.9980e+00, -3.8418e+00, -4.6094e-01],
         [ 1.5510e+03,  3.2739e-01,  4.2422e+00,  ...,  3.1531e+01, -2.0918e+00, -3.6387e+00],
         ...,
         [ 6.5283e-01,  4.6094e+00,  2.1016e+00,  ..., -3.3848e+00, -1.9453e+00,  4.1211e+00],
         [ 3.5039e+00,  4.9536e-01, -4.3008e+00,  ..., -2.4388e+02, -5.4844e+00,  2.7109e+00],
         [-3.7578e+00, -2.8475e+02, -4.9316e-02,  ..., -1.0166e+00, -9.4141e+00,  3.0117e+00]]], dtype=torch.float16)




=================测试开始======================测试开始====================测试开始=========================测试开始====================测试开始========================测试开始=================================
CUDA_VISIBLE_DEVICES:2
test begin: paddle.digamma(Tensor([10, 21474836, 10],"float16"), )
W0723 19:53:47.955333 44217 gpu_resources.cc:114] Please NOTE: device: 0, GPU Compute Capability: 8.0, Driver API Version: 12.0, Runtime API Version: 11.8
digamma_grad_kernel
digamma_numel: 2147483600
[accuracy error] backward  paddle.digamma(Tensor([10, 21474836, 10],"float16"), ) 
 Not equal to tolerance rtol=0.01, atol=0.01
Tensor-likes are not close!

Mismatched elements: 8877226 / 2147483600 (0.4%)
Greatest absolute difference: nan at index (0, 21006649, 4) (up to 0.01 allowed)
Greatest relative difference: nan at index (0, 14, 2) (up to 0.01 allowed)
ACTUAL: (shape=torch.Size([10, 21474836, 10]), dtype=torch.float16)
tensor([[[-2.7578e+00,  2.6392e-01, -4.6992e+00,  ...,  3.2734e+00,  4.3531e+01,  5.6641e+00],
         [ 1.6426e+00, -2.0977e+00, -2.0762e+00,  ...,  8.8438e+01, -7.3438e+01, -1.1344e+01],
         [-1.5088e+00, -2.8359e+00,  1.1398e+01,  ...,  1.7850e+02, -3.5094e+01,  1.7119e+00],
         ...,
         [-1.2203e+01, -1.8094e+01, -4.5898e+00,  ..., -3.2594e+01,  1.4141e+01,  2.3828e+00],
         [ 8.1953e+00,  1.2871e+00, -6.4062e+00,  ...,  3.6836e+00, -3.5195e+00,  1.0602e+01],
         [ 1.2275e+00, -2.3047e+00, -6.4250e+01,  ..., -2.9141e+00,  3.7900e+02,  2.5293e+00]],

        [[ 4.5234e+00,  4.1344e+01,  3.8301e+00,  ..., -1.2295e+00,  5.0547e+00,  3.0203e+01],
         [ 5.2305e+00, -5.4375e+01,  1.0961e+01,  ...,  3.9199e+00,  3.5229e-01,  7.5586e-01],
         [-4.7500e+02, -2.5234e+00,  1.7910e+00,  ..., -8.9312e+01, -5.4180e+00, -2.9902e+00],
         ...,
         [ 6.1719e-01,  3.4082e-01, -1.6516e+01,  ...,  6.1719e+00, -1.8496e+00,  3.7531e+01],
         [-7.2688e+01, -2.6188e+01,  1.6000e+01,  ..., -1.7783e+00,  1.8910e+03, -1.9543e-01],
         [-1.0521e-02, -5.3250e+01,  7.8857e-02,  ...,  3.6156e+01,  3.7062e+01, -1.2788e+02]],

        [[-1.8496e+00,  6.6211e+00,  1.5137e+00,  ..., -1.0881e+02,  2.3066e+00,  1.5600e+02],
         [-3.8575e+02,  1.0250e+01,  5.1094e+00,  ...,  3.3223e+00,  6.8125e+01, -1.3416e-01],
         [ 3.9023e+00,  2.3912e+02,  3.4277e-01,  ...,  6.4355e-01, -3.8691e+00,  8.0127e-01],
         ...,
         [-1.9707e+00, -6.8828e+00, -5.6562e+00,  ...,  1.8312e+02, -4.2656e+00,  2.5156e+00],
         [ 1.2461e+00,  4.3516e+00, -7.6709e-01,  ..., -2.6660e-01, -3.3359e+00,  5.0000e-01],
         [-1.8094e+01, -8.1016e+00,  3.0762e+00,  ...,  2.1531e+01, -3.0859e+00,  7.9700e+02]],

        ...,

        [[-1.3930e+01, -5.5234e+00, -2.0234e+01,  ..., -3.6191e+00, -1.4625e+01, -2.0640e+03],
         [ 1.0258e+01,  2.4258e+00,  1.8838e+00,  ...,  1.5752e+00,  9.7900e-01,  1.1836e+00],
         [ 4.9180e+00, -1.7109e+00, -4.0898e+00,  ..., -2.2773e+00,  6.9883e+00,  5.4336e+00],
         ...,
         [-8.2422e+00,  4.2562e+01, -2.5797e+01,  ...,  6.2734e+00,  1.3037e+00,  2.9141e+00],
         [-9.0750e+02,  2.8398e+00,  2.7871e+00,  ...,  4.1875e+00,  8.4766e+00,  4.7500e+00],
         [ 1.4633e+01, -2.4746e+00,  1.7148e+00,  ..., -2.8828e+00, -3.5332e+00, -1.4893e-01]],

        [[ 2.0828e+01,  5.9453e+00,  2.3145e+00,  ...,  3.7156e+01, -7.7266e+00, -3.8262e+00],
         [-1.0479e+00, -9.0088e-01, -7.9492e+00,  ..., -2.9609e+00, -1.8384e-01,  1.5938e+02],
         [ 6.8633e+00, -3.7094e+01, -4.3438e+00,  ...,  5.2656e+00, -1.7148e+00, -2.4597e-01],
         ...,
         [ 9.7803e-01,  2.7266e+00,  9.6863e-02,  ...,  1.1006e+00,  3.9961e+00, -1.0117e+01],
         [-1.1406e+00, -1.3818e+00, -2.4727e+00,  ..., -5.2695e+00, -5.6844e+01, -1.4463e+00],
         [-9.6143e-01,  3.3438e+00,  7.8203e+00,  ..., -7.9336e+00,  2.5906e+01,  6.8506e-01]],

        [[-2.9907e-01,  2.0047e+01, -7.1600e+02,  ...,  1.8925e+02, -8.1328e+00, -2.9336e+00],
         [ 7.8320e-01, -1.9043e+00,  1.1367e+01,  ..., -3.9961e+00, -3.8438e+00, -4.6094e-01],
         [ 1.5510e+03,  3.2764e-01,  4.2422e+00,  ...,  3.1516e+01, -2.0918e+00, -3.6387e+00],
         ...,
         [ 6.5283e-01,  4.6094e+00,  2.1016e+00,  ..., -3.3848e+00, -1.9463e+00,  4.1211e+00],
         [ 3.5020e+00,  4.9536e-01, -4.3008e+00,  ..., -2.4388e+02, -5.4805e+00,  2.7109e+00],
         [-3.7559e+00, -2.8475e+02, -4.9286e-02,  ..., -1.0176e+00, -9.4141e+00,  3.0117e+00]]], dtype=torch.float16)
DESIRED: (shape=torch.Size([10, 21474836, 10]), dtype=torch.float16)
tensor([[[-2.7559e+00,  2.6416e-01, -4.6992e+00,  ...,  3.2715e+00,  4.3531e+01,  5.6641e+00],
         [ 1.6426e+00, -2.0977e+00, -2.0762e+00,  ...,  8.8438e+01, -7.3438e+01, -1.1336e+01],
         [-1.5088e+00, -2.8359e+00,  1.1398e+01,  ...,  1.7850e+02, -3.5094e+01,  1.7129e+00],
         ...,
         [-1.2203e+01, -1.8094e+01, -4.5938e+00,  ..., -3.2594e+01,  1.4141e+01,  2.3828e+00],
         [ 8.1953e+00,  1.2861e+00, -6.4062e+00,  ...,  3.6855e+00, -3.5195e+00,  1.0602e+01],
         [ 1.2275e+00, -2.3047e+00, -6.4250e+01,  ..., -2.9141e+00,  3.7925e+02,  2.5293e+00]],

        [[ 4.5195e+00,  4.1344e+01,  3.8301e+00,  ..., -1.2285e+00,  5.0547e+00,  3.0203e+01],
         [ 5.2305e+00, -5.4375e+01,  1.0961e+01,  ...,  3.9219e+00,  3.5254e-01,  7.5586e-01],
         [-4.7500e+02, -2.5234e+00,  1.7920e+00,  ..., -8.9312e+01, -5.4180e+00, -2.9902e+00],
         ...,
         [ 6.1719e-01,  3.4082e-01, -1.6516e+01,  ...,  6.1758e+00, -1.8506e+00,  3.7531e+01],
         [-7.2688e+01, -2.6188e+01,  1.5992e+01,  ..., -1.7783e+00,  1.8910e+03, -1.9531e-01],
         [-1.0521e-02, -5.3250e+01,  7.8857e-02,  ...,  3.6156e+01,  3.7094e+01, -1.2788e+02]],

        [[-1.8496e+00,  6.6211e+00,  1.5137e+00,  ..., -1.0888e+02,  2.3066e+00,  1.5612e+02],
         [-3.8575e+02,  1.0250e+01,  5.1094e+00,  ...,  3.3223e+00,  6.8188e+01, -1.3403e-01],
         [ 3.9043e+00,  2.3912e+02,  3.4277e-01,  ...,  6.4355e-01, -3.8691e+00,  8.0127e-01],
         ...,
         [-1.9707e+00, -6.8867e+00, -5.6523e+00,  ...,  1.8300e+02, -4.2656e+00,  2.5176e+00],
         [ 1.2461e+00,  4.3516e+00, -7.6709e-01,  ..., -2.6660e-01, -3.3359e+00,  5.0000e-01],
         [-1.8094e+01, -8.1016e+00,  3.0781e+00,  ...,  2.1531e+01, -3.0859e+00,  7.9700e+02]],

        ...,

        [[-1.3922e+01, -5.5234e+00, -2.0219e+01,  ..., -3.6211e+00, -1.4617e+01, -2.0620e+03],
         [ 1.0250e+01,  2.4277e+00,  1.8828e+00,  ...,  1.5752e+00,  9.7900e-01,  1.1836e+00],
         [ 4.9180e+00, -1.7109e+00, -4.0938e+00,  ..., -2.2754e+00,  6.9922e+00,  5.4336e+00],
         ...,
         [-8.2500e+00,  4.2594e+01, -2.5812e+01,  ...,  6.2773e+00,  1.3037e+00,  2.9141e+00],
         [-9.0800e+02,  2.8398e+00,  2.7871e+00,  ...,  4.1875e+00,  8.4766e+00,  4.7500e+00],
         [ 1.4633e+01, -2.4746e+00,  1.7148e+00,  ..., -2.8848e+00, -3.5352e+00, -1.4880e-01]],

        [[ 2.0844e+01,  5.9453e+00,  2.3145e+00,  ...,  3.7156e+01, -7.7266e+00, -3.8262e+00],
         [-1.0479e+00, -9.0137e-01, -7.9531e+00,  ..., -2.9609e+00, -1.8384e-01,  1.5938e+02],
         [ 6.8633e+00, -3.7094e+01, -4.3438e+00,  ...,  5.2695e+00, -1.7148e+00, -2.4585e-01],
         ...,
         [ 9.7803e-01,  2.7266e+00,  9.6863e-02,  ...,  1.0996e+00,  3.9961e+00, -1.0117e+01],
         [-1.1406e+00, -1.3828e+00, -2.4727e+00,  ..., -5.2695e+00, -5.6812e+01, -1.4463e+00],
         [-9.6191e-01,  3.3457e+00,  7.8203e+00,  ..., -7.9336e+00,  2.5906e+01,  6.8506e-01]],

        [[-2.9907e-01,  2.0047e+01, -7.1600e+02,  ...,  1.8912e+02, -8.1328e+00, -2.9336e+00],
         [ 7.8320e-01, -1.9033e+00,  1.1367e+01,  ..., -3.9980e+00, -3.8418e+00, -4.6094e-01],
         [ 1.5510e+03,  3.2739e-01,  4.2422e+00,  ...,  3.1531e+01, -2.0918e+00, -3.6387e+00],
         ...,
         [ 6.5283e-01,  4.6094e+00,  2.1016e+00,  ..., -3.3848e+00, -1.9453e+00,  4.1211e+00],
         [ 3.5039e+00,  4.9536e-01, -4.3008e+00,  ..., -2.4388e+02, -5.4844e+00,  2.7109e+00],
         [-3.7578e+00, -2.8475e+02, -4.9316e-02,  ..., -1.0166e+00, -9.4141e+00,  3.0117e+00]]], dtype=torch.float16)




=================测试开始======================测试开始====================测试开始=========================测试开始====================测试开始========================测试开始=================================
CUDA_VISIBLE_DEVICES:5
test begin: paddle.digamma(Tensor([10, 21474836, 10],"float16"), )
W0723 19:56:59.512948 46954 gpu_resources.cc:114] Please NOTE: device: 0, GPU Compute Capability: 8.0, Driver API Version: 12.0, Runtime API Version: 11.8
digamma_grad_kernel
digamma_numel: 2147483600
[accuracy error] backward  paddle.digamma(Tensor([10, 21474836, 10],"float16"), ) 
 Not equal to tolerance rtol=0.01, atol=0.01
Tensor-likes are not close!

Mismatched elements: 8877226 / 2147483600 (0.4%)
Greatest absolute difference: nan at index (0, 21006649, 4) (up to 0.01 allowed)
Greatest relative difference: nan at index (0, 14, 2) (up to 0.01 allowed)
ACTUAL: (shape=torch.Size([10, 21474836, 10]), dtype=torch.float16)
tensor([[[-2.7578e+00,  2.6392e-01, -4.6992e+00,  ...,  3.2734e+00,  4.3531e+01,  5.6641e+00],
         [ 1.6426e+00, -2.0977e+00, -2.0762e+00,  ...,  8.8438e+01, -7.3438e+01, -1.1344e+01],
         [-1.5088e+00, -2.8359e+00,  1.1398e+01,  ...,  1.7850e+02, -3.5094e+01,  1.7119e+00],
         ...,
         [-1.2203e+01, -1.8094e+01, -4.5898e+00,  ..., -3.2594e+01,  1.4141e+01,  2.3828e+00],
         [ 8.1953e+00,  1.2871e+00, -6.4062e+00,  ...,  3.6836e+00, -3.5195e+00,  1.0602e+01],
         [ 1.2275e+00, -2.3047e+00, -6.4250e+01,  ..., -2.9141e+00,  3.7900e+02,  2.5293e+00]],

        [[ 4.5234e+00,  4.1344e+01,  3.8301e+00,  ..., -1.2295e+00,  5.0547e+00,  3.0203e+01],
         [ 5.2305e+00, -5.4375e+01,  1.0961e+01,  ...,  3.9199e+00,  3.5229e-01,  7.5586e-01],
         [-4.7500e+02, -2.5234e+00,  1.7910e+00,  ..., -8.9312e+01, -5.4180e+00, -2.9902e+00],
         ...,
         [ 6.1719e-01,  3.4082e-01, -1.6516e+01,  ...,  6.1719e+00, -1.8496e+00,  3.7531e+01],
         [-7.2688e+01, -2.6188e+01,  1.6000e+01,  ..., -1.7783e+00,  1.8910e+03, -1.9543e-01],
         [-1.0521e-02, -5.3250e+01,  7.8857e-02,  ...,  3.6156e+01,  3.7062e+01, -1.2788e+02]],

        [[-1.8496e+00,  6.6211e+00,  1.5137e+00,  ..., -1.0881e+02,  2.3066e+00,  1.5600e+02],
         [-3.8575e+02,  1.0250e+01,  5.1094e+00,  ...,  3.3223e+00,  6.8125e+01, -1.3416e-01],
         [ 3.9023e+00,  2.3912e+02,  3.4277e-01,  ...,  6.4355e-01, -3.8691e+00,  8.0127e-01],
         ...,
         [-1.9707e+00, -6.8828e+00, -5.6562e+00,  ...,  1.8312e+02, -4.2656e+00,  2.5156e+00],
         [ 1.2461e+00,  4.3516e+00, -7.6709e-01,  ..., -2.6660e-01, -3.3359e+00,  5.0000e-01],
         [-1.8094e+01, -8.1016e+00,  3.0762e+00,  ...,  2.1531e+01, -3.0859e+00,  7.9700e+02]],

        ...,

        [[-1.3930e+01, -5.5234e+00, -2.0234e+01,  ..., -3.6191e+00, -1.4625e+01, -2.0640e+03],
         [ 1.0258e+01,  2.4258e+00,  1.8838e+00,  ...,  1.5752e+00,  9.7900e-01,  1.1836e+00],
         [ 4.9180e+00, -1.7109e+00, -4.0898e+00,  ..., -2.2773e+00,  6.9883e+00,  5.4336e+00],
         ...,
         [-8.2422e+00,  4.2562e+01, -2.5797e+01,  ...,  6.2734e+00,  1.3037e+00,  2.9141e+00],
         [-9.0750e+02,  2.8398e+00,  2.7871e+00,  ...,  4.1875e+00,  8.4766e+00,  4.7500e+00],
         [ 1.4633e+01, -2.4746e+00,  1.7148e+00,  ..., -2.8828e+00, -3.5332e+00, -1.4893e-01]],

        [[ 2.0828e+01,  5.9453e+00,  2.3145e+00,  ...,  3.7156e+01, -7.7266e+00, -3.8262e+00],
         [-1.0479e+00, -9.0088e-01, -7.9492e+00,  ..., -2.9609e+00, -1.8384e-01,  1.5938e+02],
         [ 6.8633e+00, -3.7094e+01, -4.3438e+00,  ...,  5.2656e+00, -1.7148e+00, -2.4597e-01],
         ...,
         [ 9.7803e-01,  2.7266e+00,  9.6863e-02,  ...,  1.1006e+00,  3.9961e+00, -1.0117e+01],
         [-1.1406e+00, -1.3818e+00, -2.4727e+00,  ..., -5.2695e+00, -5.6844e+01, -1.4463e+00],
         [-9.6143e-01,  3.3438e+00,  7.8203e+00,  ..., -7.9336e+00,  2.5906e+01,  6.8506e-01]],

        [[-2.9907e-01,  2.0047e+01, -7.1600e+02,  ...,  1.8925e+02, -8.1328e+00, -2.9336e+00],
         [ 7.8320e-01, -1.9043e+00,  1.1367e+01,  ..., -3.9961e+00, -3.8438e+00, -4.6094e-01],
         [ 1.5510e+03,  3.2764e-01,  4.2422e+00,  ...,  3.1516e+01, -2.0918e+00, -3.6387e+00],
         ...,
         [ 6.5283e-01,  4.6094e+00,  2.1016e+00,  ..., -3.3848e+00, -1.9463e+00,  4.1211e+00],
         [ 3.5020e+00,  4.9536e-01, -4.3008e+00,  ..., -2.4388e+02, -5.4805e+00,  2.7109e+00],
         [-3.7559e+00, -2.8475e+02, -4.9286e-02,  ..., -1.0176e+00, -9.4141e+00,  3.0117e+00]]], dtype=torch.float16)
DESIRED: (shape=torch.Size([10, 21474836, 10]), dtype=torch.float16)
tensor([[[-2.7559e+00,  2.6416e-01, -4.6992e+00,  ...,  3.2715e+00,  4.3531e+01,  5.6641e+00],
         [ 1.6426e+00, -2.0977e+00, -2.0762e+00,  ...,  8.8438e+01, -7.3438e+01, -1.1336e+01],
         [-1.5088e+00, -2.8359e+00,  1.1398e+01,  ...,  1.7850e+02, -3.5094e+01,  1.7129e+00],
         ...,
         [-1.2203e+01, -1.8094e+01, -4.5938e+00,  ..., -3.2594e+01,  1.4141e+01,  2.3828e+00],
         [ 8.1953e+00,  1.2861e+00, -6.4062e+00,  ...,  3.6855e+00, -3.5195e+00,  1.0602e+01],
         [ 1.2275e+00, -2.3047e+00, -6.4250e+01,  ..., -2.9141e+00,  3.7925e+02,  2.5293e+00]],

        [[ 4.5195e+00,  4.1344e+01,  3.8301e+00,  ..., -1.2285e+00,  5.0547e+00,  3.0203e+01],
         [ 5.2305e+00, -5.4375e+01,  1.0961e+01,  ...,  3.9219e+00,  3.5254e-01,  7.5586e-01],
         [-4.7500e+02, -2.5234e+00,  1.7920e+00,  ..., -8.9312e+01, -5.4180e+00, -2.9902e+00],
         ...,
         [ 6.1719e-01,  3.4082e-01, -1.6516e+01,  ...,  6.1758e+00, -1.8506e+00,  3.7531e+01],
         [-7.2688e+01, -2.6188e+01,  1.5992e+01,  ..., -1.7783e+00,  1.8910e+03, -1.9531e-01],
         [-1.0521e-02, -5.3250e+01,  7.8857e-02,  ...,  3.6156e+01,  3.7094e+01, -1.2788e+02]],

        [[-1.8496e+00,  6.6211e+00,  1.5137e+00,  ..., -1.0888e+02,  2.3066e+00,  1.5612e+02],
         [-3.8575e+02,  1.0250e+01,  5.1094e+00,  ...,  3.3223e+00,  6.8188e+01, -1.3403e-01],
         [ 3.9043e+00,  2.3912e+02,  3.4277e-01,  ...,  6.4355e-01, -3.8691e+00,  8.0127e-01],
         ...,
         [-1.9707e+00, -6.8867e+00, -5.6523e+00,  ...,  1.8300e+02, -4.2656e+00,  2.5176e+00],
         [ 1.2461e+00,  4.3516e+00, -7.6709e-01,  ..., -2.6660e-01, -3.3359e+00,  5.0000e-01],
         [-1.8094e+01, -8.1016e+00,  3.0781e+00,  ...,  2.1531e+01, -3.0859e+00,  7.9700e+02]],

        ...,

        [[-1.3922e+01, -5.5234e+00, -2.0219e+01,  ..., -3.6211e+00, -1.4617e+01, -2.0620e+03],
         [ 1.0250e+01,  2.4277e+00,  1.8828e+00,  ...,  1.5752e+00,  9.7900e-01,  1.1836e+00],
         [ 4.9180e+00, -1.7109e+00, -4.0938e+00,  ..., -2.2754e+00,  6.9922e+00,  5.4336e+00],
         ...,
         [-8.2500e+00,  4.2594e+01, -2.5812e+01,  ...,  6.2773e+00,  1.3037e+00,  2.9141e+00],
         [-9.0800e+02,  2.8398e+00,  2.7871e+00,  ...,  4.1875e+00,  8.4766e+00,  4.7500e+00],
         [ 1.4633e+01, -2.4746e+00,  1.7148e+00,  ..., -2.8848e+00, -3.5352e+00, -1.4880e-01]],

        [[ 2.0844e+01,  5.9453e+00,  2.3145e+00,  ...,  3.7156e+01, -7.7266e+00, -3.8262e+00],
         [-1.0479e+00, -9.0137e-01, -7.9531e+00,  ..., -2.9609e+00, -1.8384e-01,  1.5938e+02],
         [ 6.8633e+00, -3.7094e+01, -4.3438e+00,  ...,  5.2695e+00, -1.7148e+00, -2.4585e-01],
         ...,
         [ 9.7803e-01,  2.7266e+00,  9.6863e-02,  ...,  1.0996e+00,  3.9961e+00, -1.0117e+01],
         [-1.1406e+00, -1.3828e+00, -2.4727e+00,  ..., -5.2695e+00, -5.6812e+01, -1.4463e+00],
         [-9.6191e-01,  3.3457e+00,  7.8203e+00,  ..., -7.9336e+00,  2.5906e+01,  6.8506e-01]],

        [[-2.9907e-01,  2.0047e+01, -7.1600e+02,  ...,  1.8912e+02, -8.1328e+00, -2.9336e+00],
         [ 7.8320e-01, -1.9033e+00,  1.1367e+01,  ..., -3.9980e+00, -3.8418e+00, -4.6094e-01],
         [ 1.5510e+03,  3.2739e-01,  4.2422e+00,  ...,  3.1531e+01, -2.0918e+00, -3.6387e+00],
         ...,
         [ 6.5283e-01,  4.6094e+00,  2.1016e+00,  ..., -3.3848e+00, -1.9453e+00,  4.1211e+00],
         [ 3.5039e+00,  4.9536e-01, -4.3008e+00,  ..., -2.4388e+02, -5.4844e+00,  2.7109e+00],
         [-3.7578e+00, -2.8475e+02, -4.9316e-02,  ..., -1.0166e+00, -9.4141e+00,  3.0117e+00]]], dtype=torch.float16)




=================测试开始======================测试开始====================测试开始=========================测试开始====================测试开始========================测试开始=================================
CUDA_VISIBLE_DEVICES:5
test begin: paddle.digamma(Tensor([10, 21474836, 10],"float32"), )
W0723 20:10:32.802763 60577 gpu_resources.cc:114] Please NOTE: device: 0, GPU Compute Capability: 8.0, Driver API Version: 12.0, Runtime API Version: 11.8
digamma_grad_kernel
digamma_numel: 2147483600
[Pass] paddle.digamma(Tensor([10, 21474836, 10],"float32"), )




=================测试开始======================测试开始====================测试开始=========================测试开始====================测试开始========================测试开始=================================
CUDA_VISIBLE_DEVICES:5
test begin: paddle.Tensor.cumsum(Tensor([1, 11408507, 200],"float32"), 1, )
CUDA out of memory. Tried to allocate 8.50 GiB. GPU 0 has a total capacity of 79.18 GiB of which 6.58 GiB is free. Process 108333 has 1.66 GiB memory in use. Process 150283 has 5.62 GiB memory in use. Process 152647 has 6.57 GiB memory in use. Process 163274 has 5.98 GiB memory in use. Process 525 has 5.51 GiB memory in use. Process 4472 has 5.93 GiB memory in use. Process 4613 has 5.69 GiB memory in use. Process 126734 has 35.63 GiB memory in use. Of the allocated memory 34.00 GiB is allocated by PyTorch, and 8.00 MiB is reserved by PyTorch but unallocated. If reserved but unallocated memory is large try setting PYTORCH_CUDA_ALLOC_CONF=expandable_segments:True to avoid fragmentation.  See documentation for Memory Management  (https://pytorch.org/docs/stable/notes/cuda.html#environment-variables)
Traceback (most recent call last):
  File "/home/fanxiangyu/PaddleAPITest/engine.py", line 187, in <module>
    main()
  File "/home/fanxiangyu/PaddleAPITest/engine.py", line 128, in main
    case.test()
  File "/home/fanxiangyu/PaddleAPITest/tester/accuracy.py", line 149, in test
    raise err
  File "/home/fanxiangyu/PaddleAPITest/tester/accuracy.py", line 138, in test
    torch_out_grads = torch.autograd.grad(
  File "/home/fanxiangyu/env3.10/lib/python3.10/site-packages/torch/autograd/__init__.py", line 445, in grad
    return handle_torch_function(
  File "/home/fanxiangyu/env3.10/lib/python3.10/site-packages/torch/overrides.py", line 1720, in handle_torch_function
    result = mode.__torch_function__(public_api, types, args, kwargs)
  File "/home/fanxiangyu/env3.10/lib/python3.10/site-packages/torch/utils/_device.py", line 104, in __torch_function__
    return func(*args, **kwargs)
  File "/home/fanxiangyu/env3.10/lib/python3.10/site-packages/torch/autograd/__init__.py", line 496, in grad
    result = _engine_run_backward(
  File "/home/fanxiangyu/env3.10/lib/python3.10/site-packages/torch/autograd/graph.py", line 823, in _engine_run_backward
    return Variable._execution_engine.run_backward(  # Calls into the C++ engine to run the backward pass
torch.OutOfMemoryError: CUDA out of memory. Tried to allocate 8.50 GiB. GPU 0 has a total capacity of 79.18 GiB of which 6.58 GiB is free. Process 108333 has 1.66 GiB memory in use. Process 150283 has 5.62 GiB memory in use. Process 152647 has 6.57 GiB memory in use. Process 163274 has 5.98 GiB memory in use. Process 525 has 5.51 GiB memory in use. Process 4472 has 5.93 GiB memory in use. Process 4613 has 5.69 GiB memory in use. Process 126734 has 35.63 GiB memory in use. Of the allocated memory 34.00 GiB is allocated by PyTorch, and 8.00 MiB is reserved by PyTorch but unallocated. If reserved but unallocated memory is large try setting PYTORCH_CUDA_ALLOC_CONF=expandable_segments:True to avoid fragmentation.  See documentation for Memory Management  (https://pytorch.org/docs/stable/notes/cuda.html#environment-variables)




=================测试开始======================测试开始====================测试开始=========================测试开始====================测试开始========================测试开始=================================
CUDA_VISIBLE_DEVICES:0
test begin: paddle.Tensor.cumsum(Tensor([1, 11408507, 200],"float32"), 1, )
W0723 21:34:24.256415 115891 gpu_resources.cc:114] Please NOTE: device: 0, GPU Compute Capability: 8.0, Driver API Version: 12.0, Runtime API Version: 11.8
[accuracy error] paddle.Tensor.cumsum(Tensor([1, 11408507, 200],"float32"), 1, ) 
 Not equal to tolerance rtol=0.01, atol=0.01
Tensor-likes are not close!

Mismatched elements: 1557035 / 2281701400 (0.1%)
Greatest absolute difference: 0.08396005630493164 at index (0, 11256562, 167) (up to 0.01 allowed)
Greatest relative difference: 12813.2080078125 at index (0, 11146778, 101) (up to 0.01 allowed)
ACTUAL: (shape=torch.Size([1, 11408507, 200]), dtype=torch.float32)
tensor([[[-1.2546e-01,  4.5071e-01,  2.3199e-01,  ...,  3.9711e-01,  3.8709e-01,  2.7988e-01],
         [ 1.6572e-02,  3.4854e-02, -1.0638e-01,  ...,  3.2610e-01,  6.3796e-01,  5.3442e-01],
         [-3.8030e-01,  4.3741e-01, -1.0112e-01,  ..., -1.5759e-03,  3.3025e-01,  7.5287e-02],
         ...,
         [ 2.1528e+03,  3.5159e+02, -5.6452e+02,  ...,  3.0130e+03, -6.3144e+02,  1.8718e+03],
         [ 2.1530e+03,  3.5183e+02, -5.6404e+02,  ...,  3.0130e+03, -6.3137e+02,  1.8716e+03],
         [ 2.1527e+03,  3.5221e+02, -5.6358e+02,  ...,  3.0135e+03, -6.3168e+02,  1.8719e+03]]])
DESIRED: (shape=torch.Size([1, 11408507, 200]), dtype=torch.float32)
tensor([[[-1.2546e-01,  4.5071e-01,  2.3199e-01,  ...,  3.9711e-01,  3.8709e-01,  2.7988e-01],
         [ 1.6572e-02,  3.4854e-02, -1.0638e-01,  ...,  3.2610e-01,  6.3796e-01,  5.3442e-01],
         [-3.8030e-01,  4.3741e-01, -1.0112e-01,  ..., -1.5759e-03,  3.3025e-01,  7.5287e-02],
         ...,
         [ 2.1528e+03,  3.5158e+02, -5.6454e+02,  ...,  3.0129e+03, -6.3143e+02,  1.8717e+03],
         [ 2.1530e+03,  3.5182e+02, -5.6406e+02,  ...,  3.0129e+03, -6.3136e+02,  1.8715e+03],
         [ 2.1527e+03,  3.5220e+02, -5.6359e+02,  ...,  3.0134e+03, -6.3167e+02,  1.8718e+03]]])




=================测试开始======================测试开始====================测试开始=========================测试开始====================测试开始========================测试开始=================================
CUDA_VISIBLE_DEVICES:0
test begin: paddle.linalg.solve(Tensor([10, 10],"float32"), Tensor([10, 214748365],"float32"), )
W0723 22:47:49.162204 20052 gpu_resources.cc:114] Please NOTE: device: 0, GPU Compute Capability: 8.0, Driver API Version: 12.0, Runtime API Version: 11.8
n:10batch_size:1nrhs:214748365terminate called after throwing an instance of 'common::enforce::EnforceNotMet'
  what():  (External) CUDA error(700), an illegal memory access was encountered. 
  [Hint: 'cudaErrorIllegalAddress'. The device encountered a load or store instruction on an invalid memory address. This leaves the process in an inconsistentstate and any further CUDA work will return the same error. To continue using CUDA, the process must be terminated and relaunched. ] (at /home/fanxiangyu/Paddle/paddle/phi/core/platform/device/gpu/gpu_info.cc:348)



--------------------------------------
C++ Traceback (most recent call last):
--------------------------------------
0   paddle::pybind::eager_api_solve(_object*, _object*, _object*)
1   solve_ad_func(paddle::Tensor const&, paddle::Tensor const&)
2   paddle::experimental::solve(paddle::Tensor const&, paddle::Tensor const&)
3   void phi::SolveKernel<float, phi::GPUContext>(phi::GPUContext const&, phi::DenseTensor const&, phi::DenseTensor const&, phi::DenseTensor*)
4   phi::funcs::MatrixSolveFunctor<phi::GPUContext, float>::operator()(phi::GPUContext const&, phi::DenseTensor const&, phi::DenseTensor const&, phi::DenseTensor*)
5   phi::funcs::TransposeNormal<phi::GPUContext, float>::operator()(phi::GPUContext const&, phi::DenseTensor const&, phi::DenseTensor*, std::vector<int, std::allocator<int> > const&)
6   paddle::memory::allocation::CUDAAllocator::FreeImpl(phi::Allocation*)

----------------------
Error Message Summary:
----------------------
FatalError: `Process abort signal` is detected by the operating system.
  [TimeInfo: *** Aborted at 1753282073 (unix time) try "date -d @1753282073" if you are using GNU date ***]
  [SignalInfo: *** SIGABRT (@0x4e54) received by PID 20052 (TID 0x7fd440084740) from PID 20052 ***]





=================测试开始======================测试开始====================测试开始=========================测试开始====================测试开始========================测试开始=================================
CUDA_VISIBLE_DEVICES:0
test begin: paddle.linalg.solve(Tensor([10, 10],"float32"), Tensor([10, 2147483650],"float32"), )
[torch error] paddle.linalg.solve(Tensor([10, 10],"float32"), Tensor([10, 2147483650],"float32"), )
Traceback (most recent call last):
  File "/home/fanxiangyu/PaddleAPITest/tester/accuracy.py", line 62, in test
    if not self.gen_torch_input():
  File "/home/fanxiangyu/PaddleAPITest/tester/base.py", line 1274, in gen_torch_input
    self.torch_kwargs[key] = arg_config.get_torch_tensor(self.api_config)
  File "/home/fanxiangyu/PaddleAPITest/tester/api_config/config_analyzer.py", line 1890, in get_torch_tensor
    self.torch_tensor = torch.tensor(
  File "/home/fanxiangyu/env3.10/lib/python3.10/site-packages/torch/utils/_device.py", line 104, in __torch_function__
    return func(*args, **kwargs)
torch.OutOfMemoryError: CUDA out of memory. Tried to allocate 80.00 GiB. GPU 0 has a total capacity of 79.18 GiB of which 60.55 GiB is free. Process 116454 has 1.65 GiB memory in use. Process 109319 has 13.71 GiB memory in use. Process 133909 has 1.63 GiB memory in use. Process 87234 has 1.64 GiB memory in use. Of the allocated memory 512 bytes is allocated by PyTorch, and 2.00 MiB is reserved by PyTorch but unallocated. If reserved but unallocated memory is large try setting PYTORCH_CUDA_ALLOC_CONF=expandable_segments:True to avoid fragmentation.  See documentation for Memory Management  (https://pytorch.org/docs/stable/notes/cuda.html#environment-variables)
Traceback (most recent call last):
  File "/home/fanxiangyu/PaddleAPITest/engine.py", line 187, in <module>
    main()
  File "/home/fanxiangyu/PaddleAPITest/engine.py", line 128, in main
    case.test()
  File "/home/fanxiangyu/PaddleAPITest/tester/accuracy.py", line 127, in test
    raise err
  File "/home/fanxiangyu/PaddleAPITest/tester/accuracy.py", line 62, in test
    if not self.gen_torch_input():
  File "/home/fanxiangyu/PaddleAPITest/tester/base.py", line 1274, in gen_torch_input
    self.torch_kwargs[key] = arg_config.get_torch_tensor(self.api_config)
  File "/home/fanxiangyu/PaddleAPITest/tester/api_config/config_analyzer.py", line 1890, in get_torch_tensor
    self.torch_tensor = torch.tensor(
  File "/home/fanxiangyu/env3.10/lib/python3.10/site-packages/torch/utils/_device.py", line 104, in __torch_function__
    return func(*args, **kwargs)
torch.OutOfMemoryError: CUDA out of memory. Tried to allocate 80.00 GiB. GPU 0 has a total capacity of 79.18 GiB of which 60.55 GiB is free. Process 116454 has 1.65 GiB memory in use. Process 109319 has 13.71 GiB memory in use. Process 133909 has 1.63 GiB memory in use. Process 87234 has 1.64 GiB memory in use. Of the allocated memory 512 bytes is allocated by PyTorch, and 2.00 MiB is reserved by PyTorch but unallocated. If reserved but unallocated memory is large try setting PYTORCH_CUDA_ALLOC_CONF=expandable_segments:True to avoid fragmentation.  See documentation for Memory Management  (https://pytorch.org/docs/stable/notes/cuda.html#environment-variables)
